date,symbol,rank,final_score,confidence,edge_score,edge_signals,momentum_score,premover_score,entry_price,price_7d_later,return_pct,would_have_won
2024-01-23,TSLA,1,4.9,4.6,0.0,,1.7,1.0,209.13,188.81,-9.72,False
2024-01-23,META,2,4.0,3.4,2.0,RS_LEADER,2.8,2.3,385.23,394.77,2.48,True
2024-01-23,AAPL,3,3.8,3.3,2.0,RS_LEADER,3.0,2.2,195.13,186.88,-4.23,False
2024-01-24,FCX,1,4.8,3.5,5.0,"MOMENTUM_EXPANSION,VOLATILITY_EXPANSION",2.5,4.0,39.68,40.12,1.11,True
2024-01-24,PINS,2,5.8,4.2,2.0,VOLATILITY_EXPANSION,2.0,4.8,36.55,39.78,8.84,True
2024-01-24,INTC,3,4.4,3.4,4.0,"RS_LEADER,VOLATILITY_EXPANSION",3.0,3.5,49.08,42.59,-13.22,False
2024-01-25,AMAT,1,3.9,3.2,4.0,"RS_LEADER,VOLATILITY_EXPANSION",3.4,2.3,172.7,171.08,-0.94,False
2024-01-25,GOOGL,2,3.7,3.4,4.0,"RS_LEADER,VOLATILITY_EXPANSION",3.0,1.2,151.92,143.59,-5.48,False
2024-01-25,TSLA,3,4.5,4.3,2.0,VOLATILITY_EXPANSION,1.5,1.1,182.63,181.05,-0.87,False
2024-01-26,ABNB,1,4.2,3.2,7.0,"MOMENTUM_EXPANSION,RS_LEADER,VOLATILITY_EXPANSION",3.3,3.7,149.59,144.51,-3.4,False
2024-01-26,PINS,2,4.7,3.5,2.0,VOLATILITY_EXPANSION,2.7,3.8,37.69,41.06,8.94,True
2024-01-26,INTC,3,4.4,4.2,2.0,VOLATILITY_EXPANSION,1.5,1.1,43.62,42.77,-1.95,False
2024-01-29,SOFI,1,3.9,2.6,7.0,"MOMENTUM_EXPANSION,RS_LEADER,VOLATILITY_EXPANSION",3.5,5.2,9.15,7.67,-16.17,False
2024-01-29,PINS,2,4.1,3.0,4.0,"RS_LEADER,VOLATILITY_EXPANSION",3.1,3.9,39.19,40.82,4.16,True
2024-01-29,FCX,3,3.5,3.3,4.0,"RS_LEADER,VOLATILITY_EXPANSION",3.2,1.2,40.24,39.2,-2.58,False
2024-01-30,MU,1,5.6,4.2,2.0,VOLATILITY_EXPANSION,3.5,4.4,86.12,84.91,-1.41,False
2024-01-30,META,2,4.2,4.0,5.0,"MOMENTUM_EXPANSION,RS_LEADER",5.1,1.2,400.0,470.1,17.53,True
2024-01-30,DASH,3,5.2,3.7,2.0,VOLATILITY_EXPANSION,3.8,4.7,105.47,118.33,12.19,True
2024-01-31,MSFT,1,7.7,7.1,2.0,VOLATILITY_EXPANSION,6.8,4.7,397.56,420.42,5.75,True
2024-01-31,SBUX,2,6.8,6.6,2.0,VOLATILITY_EXPANSION,5.8,3.9,93.04,97.28,4.56,True
2024-01-31,QCOM,3,6.7,4.9,2.0,VOLATILITY_EXPANSION,6.2,4.6,148.54,151.0,1.66,True
2024-02-01,AMZN,1,7.1,5.2,2.0,VOLATILITY_EXPANSION,6.9,4.9,159.76,172.38,7.9,True
2024-02-01,MSFT,2,7.6,7.0,0.0,,6.9,4.6,403.8,415.26,2.84,True
2024-02-01,CLF,3,4.4,3.6,7.0,"MOMENTUM_EXPANSION,RS_LEADER,VOLATILITY_EXPANSION",6.6,2.6,20.38,19.57,-3.97,False
2024-02-02,META,1,7.2,4.8,7.0,"MOMENTUM_EXPANSION,RS_LEADER,VOLATILITY_EXPANSION",8.6,6.4,474.88,460.16,-3.1,False
2024-02-02,AMZN,2,6.8,4.7,7.0,"MOMENTUM_EXPANSION,RS_LEADER,VOLATILITY_EXPANSION",7.9,5.7,171.84,168.65,-1.86,False
2024-02-02,MSFT,3,7.3,5.4,2.0,VOLATILITY_EXPANSION,7.2,5.1,411.11,406.57,-1.1,False
2024-02-05,ON,1,5.4,3.6,7.0,"MOMENTUM_EXPANSION,RS_LEADER,VOLATILITY_EXPANSION",5.6,5.5,77.58,81.69,5.3,True
2024-02-05,MSFT,2,7.8,7.2,0.0,,7.4,4.7,405.45,409.23,0.93,True
2024-02-05,AMZN,3,6.8,4.7,2.0,RS_LEADER,8.0,5.2,170.2,170.97,0.45,True
2024-02-06,SBUX,1,7.2,4.6,2.0,VOLATILITY_EXPANSION,5.8,7.2,95.67,93.24,-2.54,False
2024-02-06,MSFT,2,7.8,7.2,0.0,,7.0,4.8,405.54,406.65,0.27,True
2024-02-06,DASH,3,6.0,4.1,4.0,"RS_LEADER,VOLATILITY_EXPANSION",7.8,5.2,112.38,126.26,12.35,True
2024-02-07,DASH,1,5.8,4.0,7.0,"MOMENTUM_EXPANSION,RS_LEADER,VOLATILITY_EXPANSION",7.5,5.1,114.31,116.0,1.48,True
2024-02-07,NET,2,5.6,3.9,7.0,"MOMENTUM_EXPANSION,RS_LEADER,VOLATILITY_EXPANSION",6.0,5.0,83.34,98.49,18.18,True
2024-02-07,RBLX,3,5.0,3.4,7.0,"MOMENTUM_EXPANSION,RS_LEADER,VOLATILITY_EXPANSION",6.5,4.9,44.75,42.92,-4.09,False
2024-02-08,SHOP,1,5.6,3.9,7.0,"MOMENTUM_EXPANSION,RS_LEADER,VOLATILITY_EXPANSION",7.1,4.8,87.91,78.59,-10.6,False
2024-02-08,NET,2,5.6,3.7,7.0,"MOMENTUM_EXPANSION,RS_LEADER,VOLATILITY_EXPANSION",7.3,5.4,90.42,98.17,8.57,True
2024-02-08,MSFT,3,7.1,5.1,3.0,BREAKOUT_STRUCTURE,6.6,5.3,414.02,402.91,-2.68,False
2024-02-09,NET,1,5.2,3.8,7.0,"MOMENTUM_EXPANSION,RS_LEADER,VOLATILITY_EXPANSION",8.1,3.9,107.91,95.14,-11.83,False
2024-02-09,MSFT,2,6.8,4.6,3.0,BREAKOUT_STRUCTURE,6.7,5.9,420.42,402.17,-4.34,False
2024-02-09,AMAT,3,6.2,4.3,4.0,"RS_LEADER,VOLATILITY_EXPANSION",7.8,5.0,185.84,190.13,2.31,True
2024-02-12,MSFT,1,7.2,4.9,3.0,BREAKOUT_STRUCTURE,5.9,6.1,415.26,411.35,-0.94,False
2024-02-12,DKNG,2,5.8,3.8,5.0,"BREAKOUT_STRUCTURE,RS_LEADER",6.9,5.7,43.64,40.83,-6.44,False
2024-02-12,AMZN,3,6.4,4.2,3.0,BREAKOUT_STRUCTURE,6.2,6.1,172.38,174.55,1.26,True
2024-02-13,CRWD,1,5.9,4.2,7.0,"MOMENTUM_EXPANSION,RS_LEADER,VOLATILITY_EXPANSION",7.8,4.5,322.45,311.62,-3.36,False
2024-02-13,ABNB,2,6.5,4.7,2.0,RS_LEADER,7.3,4.8,151.02,152.65,1.08,True
2024-02-13,DKNG,3,5.3,3.8,4.0,"RS_LEADER,VOLATILITY_EXPANSION",7.0,4.2,42.67,41.27,-3.28,False
2024-02-14,COIN,1,5.2,3.6,7.0,"MOMENTUM_EXPANSION,RS_LEADER,VOLATILITY_EXPANSION",7.8,4.6,160.37,193.96,20.95,True
2024-02-14,DASH,2,5.7,3.8,5.0,"MOMENTUM_EXPANSION,RS_LEADER",7.0,5.0,119.96,119.89,-0.06,False
2024-02-14,ABNB,3,6.1,4.5,2.0,VOLATILITY_EXPANSION,6.0,4.5,148.22,149.26,0.7,True
2024-02-15,DASH,1,5.8,3.9,7.0,"MOMENTUM_EXPANSION,RS_LEADER,VOLATILITY_EXPANSION",7.5,5.2,126.26,123.76,-1.98,False
2024-02-15,META,2,6.4,4.4,5.0,"BREAKOUT_STRUCTURE,RS_LEADER",7.4,5.2,484.09,487.08,0.62,True
2024-02-15,COIN,3,5.2,3.8,7.0,"MOMENTUM_EXPANSION,RS_LEADER,VOLATILITY_EXPANSION",8.2,4.2,165.69,199.12,20.18,True
2024-02-16,AMAT,1,6.0,4.2,7.0,"MOMENTUM_EXPANSION,RS_LEADER,VOLATILITY_EXPANSION",7.7,4.7,199.5,197.58,-0.96,False
2024-02-16,DKNG,2,6.0,4.0,4.0,"RS_LEADER,VOLATILITY_EXPANSION",7.0,5.7,44.58,42.28,-5.16,False
2024-02-16,COIN,3,4.6,3.8,7.0,"MOMENTUM_EXPANSION,RS_LEADER,VOLATILITY_EXPANSION",8.4,2.2,180.23,200.88,11.46,True
2024-02-20,AMAT,1,6.0,4.2,4.0,"RS_LEADER,VOLATILITY_EXPANSION",7.8,4.8,189.14,201.57,6.57,True
2024-02-20,AMZN,2,7.5,7.2,0.0,,6.6,3.9,167.1,176.62,5.7,True
2024-02-20,INTC,3,6.2,4.0,2.0,VOLATILITY_EXPANSION,4.3,7.1,44.54,43.01,-3.44,False
2024-02-21,AMZN,1,8.0,7.3,0.0,,6.9,4.9,168.62,178.26,5.72,True
2024-02-21,NKE,2,6.6,4.9,2.0,VOLATILITY_EXPANSION,6.2,4.6,105.28,101.89,-3.22,False
2024-02-21,SBUX,3,7.3,6.4,0.0,,6.2,5.5,95.01,93.15,-1.96,False
2024-02-22,AMZN,1,7.3,5.1,3.0,BREAKOUT_STRUCTURE,7.3,5.6,174.55,177.51,1.7,True
2024-02-22,META,2,7.1,4.9,3.0,BREAKOUT_STRUCTURE,7.9,6.0,486.07,498.14,2.48,True
2024-02-22,EBAY,3,5.4,3.6,5.0,"MOMENTUM_EXPANSION,RS_LEADER",6.5,5.2,44.27,48.9,10.46,True
2024-02-23,SQ,1,6.2,3.7,7.0,"MOMENTUM_EXPANSION,RS_LEADER,VOLATILITY_EXPANSION",7.4,6.9,78.89,74.47,-5.6,False
2024-02-23,AMZN,2,7.4,5.0,3.0,BREAKOUT_STRUCTURE,7.5,6.2,174.9,174.14,-0.43,False
2024-02-23,QCOM,3,6.9,4.9,3.0,BREAKOUT_STRUCTURE,5.8,6.0,154.94,161.4,4.17,True
2024-02-26,MU,1,6.0,3.7,7.0,"MOMENTUM_EXPANSION,RS_LEADER,VOLATILITY_EXPANSION",5.5,6.9,89.42,95.55,6.86,True
2024-02-26,AMZN,2,7.0,4.9,3.0,BREAKOUT_STRUCTURE,7.0,5.6,174.73,173.48,-0.72,False
2024-02-26,SQ,3,5.1,3.6,7.0,"MOMENTUM_EXPANSION,RS_LEADER,VOLATILITY_EXPANSION",7.3,4.3,74.57,75.52,1.27,True
2024-02-27,QCOM,1,6.7,4.5,5.0,"BREAKOUT_STRUCTURE,RS_LEADER",6.9,6.1,158.33,175.59,10.9,True
2024-02-27,AMZN,2,7.2,5.1,3.0,BREAKOUT_STRUCTURE,6.7,5.5,173.54,176.75,1.85,True
2024-02-27,AMAT,3,6.2,4.1,5.0,"BREAKOUT_STRUCTURE,RS_LEADER",7.6,5.6,202.85,212.54,4.78,True
2024-02-28,EBAY,1,6.4,3.7,7.0,"MOMENTUM_EXPANSION,RS_LEADER,VOLATILITY_EXPANSION",6.7,7.6,47.89,50.38,5.2,True
2024-02-28,AMZN,2,7.1,5.0,3.0,BREAKOUT_STRUCTURE,6.3,5.5,173.18,175.34,1.25,True
2024-02-28,META,3,7.6,5.3,0.0,,7.2,5.8,484.02,505.89,4.52,True
2024-02-29,TSLA,1,6.6,4.8,5.0,"BREAKOUT_STRUCTURE,RS_LEADER",6.5,4.9,201.81,177.86,-11.87,False
2024-02-29,META,2,7.3,5.0,3.0,BREAKOUT_STRUCTURE,6.9,6.0,489.63,483.83,-1.18,False
2024-02-29,DASH,3,5.9,3.8,5.0,"BREAKOUT_STRUCTURE,RS_LEADER",6.9,5.8,124.55,128.76,3.38,True
2024-03-01,AMAT,1,7.2,4.2,5.0,"BREAKOUT_STRUCTURE,RS_LEADER",7.6,8.3,210.23,204.91,-2.53,False
2024-03-01,QCOM,2,6.8,4.2,5.0,"BREAKOUT_STRUCTURE,RS_LEADER",6.9,7.4,163.04,173.02,6.12,True
2024-03-01,DASH,3,6.6,3.8,5.0,"BREAKOUT_STRUCTURE,RS_LEADER",6.9,8.0,127.39,130.42,2.38,True
2024-03-04,META,1,6.4,4.4,5.0,"BREAKOUT_STRUCTURE,RS_LEADER",6.6,5.7,498.14,495.66,-0.5,False
2024-03-04,DASH,2,5.9,3.9,5.0,"BREAKOUT_STRUCTURE,RS_LEADER",7.6,5.3,132.41,132.42,0.01,True
2024-03-04,INTC,3,6.2,3.8,4.0,"RS_LEADER,VOLATILITY_EXPANSION",5.9,6.9,45.61,43.24,-5.2,False
2024-03-05,MSFT,1,6.6,5.0,2.0,VOLATILITY_EXPANSION,3.7,4.6,402.71,425.49,5.66,True
2024-03-05,AMAT,2,6.6,4.2,2.0,RS_LEADER,7.7,6.3,207.37,200.79,-3.17,False
2024-03-05,COIN,3,4.2,3.8,7.0,"MOMENTUM_EXPANSION,RS_LEADER,VOLATILITY_EXPANSION",8.5,2.1,216.8,233.81,7.85,True
2024-03-06,QCOM,1,6.2,4.3,7.0,"MOMENTUM_EXPANSION,RS_LEADER,VOLATILITY_EXPANSION",7.5,5.1,167.86,167.2,-0.39,False
2024-03-06,META,2,7.4,5.4,3.0,BREAKOUT_STRUCTURE,6.9,5.1,496.04,484.0,-2.43,False
2024-03-06,AMAT,3,6.4,4.4,5.0,"BREAKOUT_STRUCTURE,RS_LEADER",7.9,5.0,212.17,198.56,-6.41,False
2024-03-07,AMZN,1,7.0,6.4,5.0,"BREAKOUT_STRUCTURE,VOLATILITY_EXPANSION",5.3,4.7,176.75,174.43,-1.31,False
2024-03-07,AMAT,2,6.4,4.3,5.0,"BREAKOUT_STRUCTURE,RS_LEADER",7.5,5.6,212.54,200.68,-5.58,False
2024-03-07,ON,3,5.3,3.6,7.0,"MOMENTUM_EXPANSION,RS_LEADER,VOLATILITY_EXPANSION",5.5,5.2,82.98,73.87,-10.98,False
2024-03-08,SNAP,1,5.3,3.6,7.0,"MOMENTUM_EXPANSION,RS_LEADER,VOLATILITY_EXPANSION",6.9,4.9,12.39,11.04,-10.9,False
2024-03-08,ABNB,2,6.1,4.1,5.0,"BREAKOUT_STRUCTURE,RS_LEADER",6.9,5.7,164.97,161.74,-1.96,False
2024-03-08,AMZN,3,7.2,6.7,2.0,VOLATILITY_EXPANSION,5.5,4.6,175.34,175.89,0.31,True
2024-03-11,NEM,1,6.3,3.7,8.0,"MOMENTUM_EXPANSION,BREAKOUT_STRUCTURE,RS_LEADER",6.6,7.6,35.25,34.29,-2.72,False
2024-03-11,META,2,7.1,6.8,2.0,VOLATILITY_EXPANSION,5.1,3.8,483.83,505.71,4.52,True
2024-03-11,AMAT,3,7.4,6.6,0.0,,6.1,4.9,201.37,205.07,1.84,True
2024-03-12,ABNB,1,6.1,4.1,5.0,"BREAKOUT_STRUCTURE,RS_LEADER",6.8,5.5,166.66,168.18,0.91,True
2024-03-12,AMZN,2,7.2,6.6,2.0,VOLATILITY_EXPANSION,5.3,4.7,175.38,178.19,1.6,True
2024-03-12,META,3,6.7,4.9,2.0,VOLATILITY_EXPANSION,6.6,4.4,499.64,507.75,1.62,True
2024-03-13,FCX,1,6.6,3.9,7.0,"MOMENTUM_EXPANSION,RS_LEADER,VOLATILITY_EXPANSION",7.4,7.2,43.41,45.09,3.87,True
2024-03-13,ABNB,2,7.4,4.3,2.0,VOLATILITY_EXPANSION,7.6,7.9,164.71,167.87,1.92,True
2024-03-13,PYPL,3,6.5,4.0,4.0,"RS_LEADER,VOLATILITY_EXPANSION",6.5,6.9,62.44,64.77,3.73,True
2024-03-14,MSFT,1,7.0,4.9,7.0,"MOMENTUM_EXPANSION,RS_LEADER,VOLATILITY_EXPANSION",7.8,5.3,425.49,422.95,-0.6,False
2024-03-14,ABNB,2,7.5,5.1,3.0,BREAKOUT_STRUCTURE,8.7,5.8,166.51,168.01,0.9,True
2024-03-14,DASH,3,7.1,4.9,3.0,BREAKOUT_STRUCTURE,8.2,5.4,132.51,137.85,4.03,True
2024-03-15,MSFT,1,7.5,5.3,4.0,"RS_LEADER,VOLATILITY_EXPANSION",7.6,4.9,416.52,421.97,1.31,True
2024-03-15,FCX,2,5.6,4.3,7.0,"MOMENTUM_EXPANSION,RS_LEADER,VOLATILITY_EXPANSION",8.9,2.7,44.58,44.77,0.43,True
2024-03-15,DASH,3,8.3,6.6,0.0,,7.9,7.0,130.46,140.27,7.52,True
2024-03-18,GOOGL,1,7.0,4.3,7.0,"MOMENTUM_EXPANSION,RS_LEADER,VOLATILITY_EXPANSION",6.5,7.2,147.66,150.9,2.19,True
2024-03-18,DASH,2,8.2,7.2,0.0,,8.0,5.4,129.56,138.9,7.21,True
2024-03-18,MSFT,3,7.3,5.3,2.0,RS_LEADER,7.5,4.8,417.31,421.47,1.0,True
2024-03-19,EBAY,1,7.1,4.7,3.0,BREAKOUT_STRUCTURE,8.9,5.8,51.83,52.79,1.85,True
2024-03-19,DASH,2,8.1,7.1,0.0,,8.1,5.2,130.83,137.69,5.24,True
2024-03-19,META,3,7.7,6.8,0.0,,7.1,5.4,496.05,485.42,-2.14,False
2024-03-20,FCX,1,6.1,4.3,7.0,"MOMENTUM_EXPANSION,RS_LEADER,VOLATILITY_EXPANSION",8.8,4.5,46.03,47.32,2.8,True
2024-03-20,SHOP,2,5.6,3.7,7.0,"MOMENTUM_EXPANSION,RS_LEADER,VOLATILITY_EXPANSION",6.3,5.3,81.35,78.21,-3.86,False
2024-03-20,DASH,3,6.8,4.6,4.0,"RS_LEADER,VOLATILITY_EXPANSION",9.0,5.2,138.0,138.22,0.16,True
2024-03-21,MU,1,6.7,4.6,7.0,"MOMENTUM_EXPANSION,RS_LEADER,VOLATILITY_EXPANSION",9.4,5.0,109.82,122.83,11.85,True
2024-03-21,ABNB,2,7.2,4.9,3.0,BREAKOUT_STRUCTURE,7.6,5.4,168.18,160.12,-4.79,False
2024-03-21,DKNG,3,6.0,4.0,5.0,"MOMENTUM_EXPANSION,RS_LEADER",8.7,5.0,47.96,44.69,-6.82,False
2024-03-22,ABNB,1,7.4,5.1,5.0,"BREAKOUT_STRUCTURE,RS_LEADER",8.2,5.7,167.87,159.37,-5.06,False
2024-03-22,MSFT,2,7.1,4.8,3.0,BREAKOUT_STRUCTURE,7.3,5.8,428.86,420.74,-1.89,False
2024-03-22,MU,3,6.5,4.6,4.0,"RS_LEADER,VOLATILITY_EXPANSION",9.5,4.5,110.19,128.2,16.34,True
2024-03-25,ABNB,1,7.2,5.0,5.0,"BREAKOUT_STRUCTURE,RS_LEADER",7.9,5.4,168.01,158.85,-5.45,False
2024-03-25,MU,2,5.7,4.6,7.0,"MOMENTUM_EXPANSION,RS_LEADER,VOLATILITY_EXPANSION",9.7,2.1,117.12,124.08,5.94,True
2024-03-25,MSFT,3,7.3,6.3,3.0,BREAKOUT_STRUCTURE,6.8,5.3,422.95,417.76,-1.23,False
2024-03-26,ABNB,1,7.4,6.4,5.0,"BREAKOUT_STRUCTURE,RS_LEADER",7.5,5.1,167.43,161.69,-3.43,False
2024-03-26,PINS,2,5.7,3.9,7.0,"MOMENTUM_EXPANSION,RS_LEADER,VOLATILITY_EXPANSION",4.8,5.2,35.49,34.27,-3.44,False
2024-03-26,AMZN,3,7.4,6.5,3.0,BREAKOUT_STRUCTURE,6.0,5.1,178.45,185.04,3.69,True
2024-03-27,NEM,1,7.3,4.8,5.0,"BREAKOUT_STRUCTURE,RS_LEADER",8.1,6.2,35.27,39.41,11.74,True
2024-03-27,EBAY,2,7.4,6.3,3.0,BREAKOUT_STRUCTURE,6.2,5.6,51.93,51.6,-0.64,False
2024-03-27,AMZN,3,7.1,6.2,3.0,BREAKOUT_STRUCTURE,6.2,5.1,179.87,185.24,2.99,True
2024-03-28,NEM,1,6.9,4.4,5.0,"BREAKOUT_STRUCTURE,RS_LEADER",8.4,6.3,35.83,39.68,10.75,True
2024-03-28,HOOD,2,6.3,3.8,5.0,"BREAKOUT_STRUCTURE,RS_LEADER",8.9,6.3,20.16,18.3,-9.23,False
2024-03-28,EBAY,3,7.1,5.8,3.0,BREAKOUT_STRUCTURE,7.4,5.7,52.79,51.96,-1.57,False
2024-04-01,MSFT,1,7.9,6.9,3.0,BREAKOUT_STRUCTURE,6.6,5.2,424.5,423.13,-0.32,False
2024-04-01,GOOGL,2,6.7,4.6,5.0,"BREAKOUT_STRUCTURE,RS_LEADER",7.7,5.3,155.42,156.09,0.43,True
2024-04-01,AMZN,3,7.4,5.0,3.0,BREAKOUT_STRUCTURE,6.7,6.2,180.87,185.95,2.81,True
2024-04-02,GOOGL,1,6.6,5.0,5.0,"BREAKOUT_STRUCTURE,RS_LEADER",9.4,3.2,154.64,159.37,3.06,True
2024-04-02,AMZN,2,7.3,6.3,3.0,BREAKOUT_STRUCTURE,7.3,5.4,180.68,189.1,4.66,True
2024-04-02,NEM,3,6.4,4.4,5.0,"BREAKOUT_STRUCTURE,RS_LEADER",8.8,4.9,36.8,39.07,6.17,True
2024-04-03,AMZN,1,7.4,6.2,5.0,"BREAKOUT_STRUCTURE,RS_LEADER",7.7,5.6,182.41,186.2,2.08,True
2024-04-03,GOOGL,2,6.7,5.2,5.0,"BREAKOUT_STRUCTURE,RS_LEADER",9.4,3.1,154.92,157.77,1.84,True
2024-04-03,NEM,3,6.2,4.4,5.0,"BREAKOUT_STRUCTURE,RS_LEADER",8.8,4.4,37.23,38.65,3.81,True
2024-04-04,NEM,1,7.2,4.5,5.0,"BREAKOUT_STRUCTURE,RS_LEADER",9.1,6.9,37.74,38.45,1.88,True
2024-04-04,QCOM,2,7.6,6.8,4.0,"RS_LEADER,VOLATILITY_EXPANSION",6.4,4.9,169.77,169.83,0.04,True
2024-04-04,AMZN,3,7.5,7.3,4.0,"RS_LEADER,VOLATILITY_EXPANSION",7.8,3.4,180.04,183.63,1.99,True
2024-04-05,MSFT,1,8.0,7.1,4.0,"RS_LEADER,VOLATILITY_EXPANSION",7.9,5.0,425.36,414.64,-2.52,False
2024-04-05,DASH,2,7.6,5.4,4.0,"RS_LEADER,VOLATILITY_EXPANSION",8.5,5.0,139.47,133.84,-4.04,False
2024-04-05,GOOGL,3,7.9,7.1,2.0,VOLATILITY_EXPANSION,8.9,4.6,152.45,154.4,1.28,True
2024-04-08,MSFT,1,7.8,7.0,3.0,BREAKOUT_STRUCTURE,7.7,4.8,424.67,411.74,-3.04,False
2024-04-08,GOOGL,2,7.4,5.2,3.0,BREAKOUT_STRUCTURE,8.9,4.9,154.87,155.45,0.37,True
2024-04-08,PYPL,3,7.6,6.5,2.0,RS_LEADER,8.4,5.4,66.36,63.28,-4.64,False
2024-04-09,PYPL,1,7.4,5.0,5.0,"BREAKOUT_STRUCTURE,RS_LEADER",8.4,5.8,67.02,62.1,-7.34,False
2024-04-09,GOOGL,2,7.5,5.2,3.0,BREAKOUT_STRUCTURE,8.9,5.3,156.61,155.97,-0.41,False
2024-04-09,AMAT,3,7.5,6.5,2.0,RS_LEADER,7.8,5.2,210.45,194.31,-7.67,False
2024-04-10,FCX,1,7.7,4.8,4.0,"RS_LEADER,VOLATILITY_EXPANSION",9.6,7.0,50.91,49.56,-2.65,False
2024-04-10,GOOGL,2,7.7,5.3,3.0,BREAKOUT_STRUCTURE,9.0,5.5,156.09,154.08,-1.29,False
2024-04-10,RBLX,3,5.2,3.5,7.0,"MOMENTUM_EXPANSION,RS_LEADER,VOLATILITY_EXPANSION",6.0,4.9,39.84,35.33,-11.32,False
2024-04-11,AAPL,1,7.2,4.2,7.0,"MOMENTUM_EXPANSION,RS_LEADER,VOLATILITY_EXPANSION",5.2,8.4,175.04,165.91,-5.22,False
2024-04-11,GOOGL,2,7.8,5.2,5.0,"BREAKOUT_STRUCTURE,RS_LEADER",9.6,6.2,159.37,156.3,-1.93,False
2024-04-11,AMAT,3,6.9,4.9,5.0,"BREAKOUT_STRUCTURE,RS_LEADER",8.3,4.8,212.97,189.43,-11.05,False
2024-04-12,GOOGL,1,7.8,5.1,5.0,"BREAKOUT_STRUCTURE,RS_LEADER",9.3,6.1,157.77,158.2,0.27,True
2024-04-12,AAPL,2,6.6,4.4,7.0,"MOMENTUM_EXPANSION,RS_LEADER,VOLATILITY_EXPANSION",6.1,5.8,176.62,166.81,-5.55,False
2024-04-12,AMZN,3,7.4,5.4,2.0,RS_LEADER,8.3,4.4,186.2,179.59,-3.55,False
2024-04-15,GOOGL,1,7.9,7.0,4.0,"RS_LEADER,VOLATILITY_EXPANSION",8.7,4.6,154.83,159.21,2.83,True
2024-04-15,AMZN,2,8.6,7.4,2.0,VOLATILITY_EXPANSION,8.5,5.9,183.63,176.59,-3.83,False
2024-04-15,QCOM,3,7.4,6.8,2.0,VOLATILITY_EXPANSION,6.5,4.6,169.83,163.6,-3.67,False
2024-04-16,MU,1,7.7,7.6,2.0,RS_LEADER,9.3,2.6,121.71,111.7,-8.22,False
2024-04-16,AMZN,2,8.0,7.6,0.0,,8.6,3.7,183.34,173.72,-5.25,False
2024-04-16,AAPL,3,6.2,5.4,4.0,"RS_LEADER,VOLATILITY_EXPANSION",4.7,2.4,169.34,169.94,0.35,True
2024-04-17,GOOGL,1,7.6,7.0,2.0,RS_LEADER,8.8,3.9,155.45,171.96,10.62,True
2024-04-17,AMZN,2,7.0,7.3,2.0,VOLATILITY_EXPANSION,7.2,2.1,181.26,179.52,-0.96,False
2024-04-17,FCX,3,7.6,6.9,0.0,,8.8,4.2,49.8,50.5,1.41,True
2024-04-18,FCX,1,7.7,6.9,2.0,RS_LEADER,9.2,4.4,50.18,52.43,4.48,True
2024-04-18,NEM,2,7.3,5.5,2.0,RS_LEADER,9.2,3.7,38.55,42.24,9.57,True
2024-04-18,GOOGL,3,7.9,7.0,0.0,,8.8,4.7,155.97,166.13,6.51,True
2024-04-19,FCX,1,8.3,7.5,2.0,RS_LEADER,8.9,4.3,49.56,49.94,0.77,True
2024-04-19,NEM,2,7.9,5.6,2.0,RS_LEADER,9.5,5.0,39.03,40.64,4.13,True
2024-04-19,NKE,3,6.5,4.5,5.0,"BREAKOUT_STRUCTURE,RS_LEADER",7.3,5.4,94.55,92.26,-2.42,False
2024-04-22,GOOGL,1,7.9,7.4,0.0,,8.6,3.8,156.3,163.78,4.79,True
2024-04-22,NKE,2,6.8,4.7,2.0,RS_LEADER,8.0,5.3,94.22,90.32,-4.14,False
2024-04-22,FCX,3,7.1,7.2,0.0,,7.9,2.1,48.99,49.91,1.88,True
2024-04-23,GOOGL,1,8.0,7.0,5.0,"BREAKOUT_STRUCTURE,RS_LEADER",8.7,5.0,158.2,166.66,5.35,True
2024-04-23,NEM,2,7.4,5.4,0.0,,7.0,5.0,37.71,41.04,8.83,True
2024-04-23,DDOG,3,6.5,4.6,2.0,VOLATILITY_EXPANSION,7.4,4.8,126.36,125.47,-0.7,False
2024-04-24,GOOGL,1,7.9,6.7,3.0,BREAKOUT_STRUCTURE,8.7,5.4,159.21,167.25,5.05,True
2024-04-24,NKE,2,7.1,4.9,3.0,BREAKOUT_STRUCTURE,7.1,5.2,94.64,92.17,-2.61,False
2024-04-24,EBAY,3,6.0,4.7,5.0,"MOMENTUM_EXPANSION,RS_LEADER",6.8,3.4,51.17,49.66,-2.95,False
2024-04-25,NEM,1,6.7,4.4,7.0,"MOMENTUM_EXPANSION,RS_LEADER,VOLATILITY_EXPANSION",9.7,5.3,43.41,41.39,-4.65,False
2024-04-25,GOOGL,2,8.4,6.7,2.0,VOLATILITY_EXPANSION,7.6,6.9,156.07,168.1,7.71,True
2024-04-25,AAPL,3,7.2,5.4,0.0,,6.9,4.4,169.94,181.62,6.87,True
2024-04-26,GOOGL,1,7.1,4.9,7.0,"MOMENTUM_EXPANSION,RS_LEADER,VOLATILITY_EXPANSION",9.4,5.3,171.96,171.2,-0.44,False
2024-04-26,SNAP,2,6.2,3.6,7.0,"MOMENTUM_EXPANSION,RS_LEADER,VOLATILITY_EXPANSION",8.5,7.2,14.54,17.15,17.95,True
2024-04-26,ABNB,3,6.8,4.4,5.0,"BREAKOUT_STRUCTURE,RS_LEADER",7.0,6.0,164.17,159.82,-2.65,False
2024-04-29,TSLA,1,5.9,4.0,7.0,"MOMENTUM_EXPANSION,RS_LEADER,VOLATILITY_EXPANSION",7.3,4.9,194.08,174.69,-9.99,False
2024-04-29,FCX,2,6.7,4.6,5.0,"BREAKOUT_STRUCTURE,RS_LEADER",9.1,5.0,52.43,49.96,-4.71,False
2024-04-29,GOOGL,3,6.8,4.9,4.0,"RS_LEADER,VOLATILITY_EXPANSION",9.2,4.4,166.13,169.38,1.96,True
2024-04-30,PYPL,1,6.8,4.5,7.0,"MOMENTUM_EXPANSION,RS_LEADER,VOLATILITY_EXPANSION",9.1,5.4,67.93,64.44,-5.14,False
2024-04-30,GOOGL,2,6.8,4.9,4.0,"RS_LEADER,VOLATILITY_EXPANSION",9.0,4.2,162.74,169.98,4.45,True
2024-04-30,AAPL,3,6.6,5.4,4.0,"RS_LEADER,VOLATILITY_EXPANSION",7.0,2.8,170.05,184.62,8.57,True
2024-05-01,PINS,1,6.4,4.0,7.0,"MOMENTUM_EXPANSION,RS_LEADER,VOLATILITY_EXPANSION",8.3,6.5,40.41,41.99,3.91,True
2024-05-01,FCX,2,6.2,4.8,4.0,"RS_LEADER,VOLATILITY_EXPANSION",7.6,3.1,49.91,51.59,3.37,True
2024-05-01,SNAP,3,4.9,3.9,7.0,"MOMENTUM_EXPANSION,RS_LEADER,VOLATILITY_EXPANSION",9.9,2.1,15.86,16.0,0.88,True
2024-05-02,QCOM,1,6.5,4.3,7.0,"MOMENTUM_EXPANSION,RS_LEADER,VOLATILITY_EXPANSION",8.1,5.5,180.16,184.23,2.26,True
2024-05-02,MRNA,2,5.7,4.3,7.0,"MOMENTUM_EXPANSION,RS_LEADER,VOLATILITY_EXPANSION",9.8,2.7,125.62,125.73,0.09,True
2024-05-02,GOOGL,3,6.9,4.9,2.0,RS_LEADER,9.5,4.3,166.66,169.27,1.57,True
2024-05-03,AAPL,1,6.9,4.8,7.0,"MOMENTUM_EXPANSION,RS_LEADER,VOLATILITY_EXPANSION",8.0,5.3,183.36,187.38,2.19,True
2024-05-03,QCOM,2,6.4,4.4,4.0,"RS_LEADER,VOLATILITY_EXPANSION",8.3,5.0,179.63,188.99,5.21,True
2024-05-03,RBLX,3,5.2,3.6,5.0,"MOMENTUM_EXPANSION,RS_LEADER",7.0,4.5,39.24,31.66,-19.32,False
2024-05-06,AAPL,1,6.8,4.6,4.0,"RS_LEADER,VOLATILITY_EXPANSION",7.5,5.2,181.62,189.73,4.47,True
2024-05-06,MRNA,2,6.2,4.2,4.0,"RS_LEADER,VOLATILITY_EXPANSION",9.5,4.6,122.11,129.05,5.68,True
2024-05-06,MARA,3,4.6,3.1,7.0,"MOMENTUM_EXPANSION,RS_LEADER,VOLATILITY_EXPANSION",7.9,5.0,20.69,20.18,-2.46,False
2024-05-07,AMZN,1,6.3,4.5,5.0,"BREAKOUT_STRUCTURE,RS_LEADER",7.4,4.5,188.7,183.63,-2.69,False
2024-05-07,QCOM,2,6.4,4.5,4.0,"RS_LEADER,VOLATILITY_EXPANSION",8.6,4.5,180.22,193.21,7.21,True
2024-05-07,GOOGL,3,7.2,4.8,2.0,RS_LEADER,8.9,5.6,171.2,174.11,1.7,True
2024-05-08,AMZN,1,6.6,4.5,3.0,BREAKOUT_STRUCTURE,7.3,5.4,187.95,184.56,-1.8,False
2024-05-08,AAPL,2,7.0,5.1,2.0,RS_LEADER,9.2,4.4,182.73,189.87,3.91,True
2024-05-08,PINS,3,5.7,4.1,5.0,"BREAKOUT_STRUCTURE,RS_LEADER",8.9,3.6,42.62,42.8,0.42,True
2024-05-09,AMZN,1,6.8,4.5,3.0,BREAKOUT_STRUCTURE,7.3,5.8,189.43,183.62,-3.07,False
2024-05-09,PINS,2,5.6,4.2,5.0,"BREAKOUT_STRUCTURE,RS_LEADER",9.3,3.1,42.66,42.65,-0.02,False
2024-05-09,GOOGL,3,7.7,5.3,0.0,,8.5,5.5,169.98,176.94,4.09,True
2024-05-10,GOOGL,1,8.1,7.0,0.0,,8.3,5.4,168.61,177.86,5.49,True
2024-05-10,FCX,2,6.8,4.6,3.0,BREAKOUT_STRUCTURE,7.5,5.2,51.59,54.33,5.31,True
2024-05-10,NEM,3,7.1,4.8,2.0,RS_LEADER,9.0,5.4,42.48,44.04,3.67,True
2024-05-13,GOOGL,1,8.6,6.9,0.0,,8.1,6.9,169.27,176.34,4.18,True
2024-05-13,RIVN,2,5.1,3.3,7.0,"MOMENTUM_EXPANSION,RS_LEADER,VOLATILITY_EXPANSION",7.6,5.4,10.91,10.71,-1.83,False
2024-05-13,MRNA,3,6.2,4.1,4.0,"RS_LEADER,VOLATILITY_EXPANSION",9.2,5.0,125.73,163.37,29.94,True
2024-05-14,FCX,1,6.7,4.3,5.0,"BREAKOUT_STRUCTURE,RS_LEADER",7.9,6.2,53.48,51.22,-4.23,False
2024-05-14,MU,2,6.6,4.3,5.0,"BREAKOUT_STRUCTURE,RS_LEADER",7.6,6.1,124.93,126.27,1.07,True
2024-05-14,QCOM,3,6.3,4.6,5.0,"BREAKOUT_STRUCTURE,RS_LEADER",8.9,3.8,188.99,201.83,6.79,True
2024-05-15,QCOM,1,6.1,4.7,8.0,"MOMENTUM_EXPANSION,BREAKOUT_STRUCTURE,RS_LEADER",9.3,3.1,194.65,210.48,8.13,True
2024-05-15,FCX,2,7.3,4.2,5.0,"BREAKOUT_STRUCTURE,RS_LEADER",7.6,8.1,53.6,51.54,-3.84,False
2024-05-15,AMAT,3,7.0,4.1,5.0,"BREAKOUT_STRUCTURE,RS_LEADER",6.9,8.0,217.54,220.9,1.54,True
2024-05-16,MRVL,1,6.6,3.9,7.0,"MOMENTUM_EXPANSION,RS_LEADER,VOLATILITY_EXPANSION",7.2,7.4,73.03,78.32,7.24,True
2024-05-16,MU,2,7.0,4.6,5.0,"BREAKOUT_STRUCTURE,RS_LEADER",8.9,5.8,127.82,132.66,3.79,True
2024-05-16,QCOM,3,6.4,4.7,5.0,"BREAKOUT_STRUCTURE,RS_LEADER",9.3,3.8,193.21,213.14,10.32,True
2024-05-17,GOOGL,1,7.1,4.6,5.0,"BREAKOUT_STRUCTURE,RS_LEADER",7.8,6.2,176.11,175.95,-0.09,False
2024-05-17,AAPL,2,6.4,5.0,5.0,"BREAKOUT_STRUCTURE,RS_LEADER",8.0,3.4,189.87,190.37,0.26,True
2024-05-17,QCOM,3,6.3,4.7,5.0,"BREAKOUT_STRUCTURE,RS_LEADER",9.3,3.3,193.92,208.24,7.38,True
2024-05-20,NEM,1,5.4,4.1,7.0,"BREAKOUT_STRUCTURE,RS_LEADER,VOLATILITY_EXPANSION",7.7,3.3,44.45,41.89,-5.76,False
2024-05-20,GOOGL,2,6.2,4.6,5.0,"BREAKOUT_STRUCTURE,RS_LEADER",7.7,4.0,176.94,172.12,-2.72,False
2024-05-20,MU,3,6.4,4.4,4.0,"RS_LEADER,VOLATILITY_EXPANSION",8.1,5.1,129.01,126.27,-2.12,False
2024-05-21,TSLA,1,6.8,4.6,4.0,"RS_LEADER,VOLATILITY_EXPANSION",8.4,5.4,186.63,178.12,-4.56,False
2024-05-21,GOOGL,2,6.3,4.7,5.0,"BREAKOUT_STRUCTURE,RS_LEADER",8.0,3.8,177.86,172.5,-3.01,False
2024-05-21,AAPL,3,6.6,5.0,3.0,BREAKOUT_STRUCTURE,8.2,3.6,192.37,192.31,-0.03,False
2024-05-22,ON,1,7.3,4.2,7.0,"BREAKOUT_STRUCTURE,RS_LEADER,VOLATILITY_EXPANSION",8.3,7.8,76.28,73.17,-4.08,False
2024-05-22,MRNA,2,5.6,4.3,7.0,"MOMENTUM_EXPANSION,RS_LEADER,VOLATILITY_EXPANSION",9.8,2.7,163.37,147.74,-9.57,False
2024-05-22,QCOM,3,6.4,4.8,5.0,"BREAKOUT_STRUCTURE,RS_LEADER",9.2,3.6,202.94,205.96,1.49,True
2024-05-23,MSFT,1,7.3,4.9,7.0,"BREAKOUT_STRUCTURE,RS_LEADER,VOLATILITY_EXPANSION",7.3,6.1,427.12,416.03,-2.6,False
2024-05-23,AMAT,2,7.0,4.9,4.0,"RS_LEADER,VOLATILITY_EXPANSION",8.5,4.6,217.95,212.19,-2.64,False
2024-05-23,GOOGL,3,7.6,4.8,2.0,VOLATILITY_EXPANSION,7.6,7.1,173.57,173.72,0.09,True
2024-05-24,META,1,7.9,6.7,5.0,"BREAKOUT_STRUCTURE,VOLATILITY_EXPANSION",7.2,6.0,478.11,495.02,3.54,True
2024-05-24,EBAY,2,5.2,4.0,10.0,"MOMENTUM_EXPANSION,BREAKOUT_STRUCTURE,RS_LEADER,VOLATILITY_EXPANSION",6.4,3.2,54.43,52.98,-2.66,False
2024-05-24,AAPL,3,7.6,6.5,3.0,BREAKOUT_STRUCTURE,7.9,5.2,190.0,195.87,3.09,True
2024-05-28,AAPL,1,8.0,6.8,5.0,"BREAKOUT_STRUCTURE,VOLATILITY_EXPANSION",7.4,5.8,190.1,194.44,2.28,True
2024-05-28,META,2,8.0,5.4,5.0,"BREAKOUT_STRUCTURE,RS_LEADER",7.5,6.3,479.97,493.72,2.86,True
2024-05-28,QCOM,3,6.3,5.0,7.0,"MOMENTUM_EXPANSION,RS_LEADER,VOLATILITY_EXPANSION",9.6,2.6,213.14,209.44,-1.74,False
2024-05-29,META,1,7.8,7.1,5.0,"BREAKOUT_STRUCTURE,RS_LEADER",7.3,4.7,474.38,492.88,3.9,True
2024-05-29,AAPL,2,7.8,6.9,3.0,BREAKOUT_STRUCTURE,7.2,5.0,190.37,196.88,3.42,True
2024-05-29,PINS,3,8.0,5.3,2.0,RS_LEADER,7.2,6.7,42.12,44.11,4.72,True
2024-05-30,AAPL,1,8.2,7.1,3.0,BREAKOUT_STRUCTURE,7.8,5.5,191.28,193.15,0.98,True
2024-05-30,MRVL,2,7.3,4.5,5.0,"MOMENTUM_EXPANSION,RS_LEADER",8.9,6.9,76.81,69.48,-9.54,False
2024-05-30,HOOD,3,5.9,3.6,8.0,"MOMENTUM_EXPANSION,BREAKOUT_STRUCTURE,RS_LEADER",9.0,6.1,21.83,23.43,7.33,True
2024-05-31,AAPL,1,8.4,6.8,2.0,RS_LEADER,7.7,7.0,192.31,207.15,7.72,True
2024-05-31,QCOM,2,7.9,5.3,2.0,VOLATILITY_EXPANSION,8.3,6.3,204.16,208.54,2.15,True
2024-05-31,AMD,3,7.0,5.1,4.0,"RS_LEADER,VOLATILITY_EXPANSION",7.8,4.6,167.14,159.0,-4.87,False
2024-06-03,AAPL,1,7.1,5.1,2.0,RS_LEADER,7.9,4.8,193.99,213.17,9.89,True
2024-06-03,META,2,6.6,4.7,3.0,BREAKOUT_STRUCTURE,6.3,4.7,477.46,508.6,6.52,True
2024-06-03,QCOM,3,6.9,5.2,2.0,VOLATILITY_EXPANSION,8.2,3.6,205.96,215.53,4.65,True
2024-06-04,AAPL,1,7.8,6.3,5.0,"BREAKOUT_STRUCTURE,RS_LEADER",8.3,6.2,194.31,214.22,10.25,True
2024-06-04,SBUX,2,6.3,4.3,5.0,"BREAKOUT_STRUCTURE,RS_LEADER",7.8,4.9,82.81,80.21,-3.14,False
2024-06-04,NKE,3,6.6,4.6,4.0,"RS_LEADER,VOLATILITY_EXPANSION",7.0,5.1,94.77,94.18,-0.62,False
2024-06-05,META,1,6.5,4.4,7.0,"MOMENTUM_EXPANSION,RS_LEADER,VOLATILITY_EXPANSION",6.8,5.5,495.02,504.38,1.89,True
2024-06-05,AAPL,2,7.3,4.8,3.0,BREAKOUT_STRUCTURE,7.9,6.2,195.87,212.57,8.53,True
2024-06-05,AMAT,3,7.1,4.8,2.0,VOLATILITY_EXPANSION,8.0,5.6,223.46,237.04,6.08,True
2024-06-06,PYPL,1,6.4,3.7,7.0,"MOMENTUM_EXPANSION,RS_LEADER,VOLATILITY_EXPANSION",6.1,7.6,67.03,60.12,-10.31,False
2024-06-06,GOOGL,2,7.1,5.8,3.0,BREAKOUT_STRUCTURE,6.7,5.9,176.79,177.3,0.29,True
2024-06-06,AAPL,3,7.0,5.9,3.0,BREAKOUT_STRUCTURE,6.9,5.3,194.44,216.67,11.43,True
2024-06-07,PINS,1,6.1,4.0,7.0,"MOMENTUM_EXPANSION,RS_LEADER,VOLATILITY_EXPANSION",7.4,5.5,44.11,44.23,0.27,True
2024-06-07,AAPL,2,7.4,6.1,3.0,BREAKOUT_STRUCTURE,7.6,5.7,196.88,214.38,8.89,True
2024-06-07,SHOP,3,5.9,3.8,5.0,"BREAKOUT_STRUCTURE,RS_LEADER",5.5,6.1,61.59,64.25,4.32,True
2024-06-10,AMAT,1,7.3,4.6,4.0,"RS_LEADER,VOLATILITY_EXPANSION",8.8,6.7,228.19,239.98,5.17,True
2024-06-10,CRWD,2,6.2,4.2,5.0,"MOMENTUM_EXPANSION,RS_LEADER",8.9,4.8,374.46,382.22,2.07,True
2024-06-10,MU,3,6.3,4.4,4.0,"RS_LEADER,VOLATILITY_EXPANSION",8.5,4.4,134.81,144.18,6.95,True
2024-06-11,AAPL,1,7.9,4.9,7.0,"MOMENTUM_EXPANSION,RS_LEADER,VOLATILITY_EXPANSION",8.8,7.6,207.15,207.22,0.03,True
2024-06-11,CRWD,2,6.5,4.4,5.0,"MOMENTUM_EXPANSION,RS_LEADER",9.5,5.0,384.71,380.75,-1.03,False
2024-06-11,MSFT,3,6.2,4.6,5.0,"BREAKOUT_STRUCTURE,RS_LEADER",6.5,4.1,432.65,449.78,3.96,True
2024-06-12,MSFT,1,7.1,4.5,5.0,"BREAKOUT_STRUCTURE,RS_LEADER",7.2,6.6,441.05,447.7,1.51,True
2024-06-12,AAPL,2,6.2,5.0,7.0,"MOMENTUM_EXPANSION,RS_LEADER,VOLATILITY_EXPANSION",9.1,2.5,213.17,208.29,-2.29,False
2024-06-12,AMAT,3,6.9,4.6,5.0,"BREAKOUT_STRUCTURE,RS_LEADER",8.8,5.5,237.62,229.68,-3.34,False
2024-06-13,QCOM,1,7.3,4.7,5.0,"BREAKOUT_STRUCTURE,RS_LEADER",8.8,6.2,218.1,202.11,-7.33,False
2024-06-13,MSFT,2,7.1,4.5,5.0,"BREAKOUT_STRUCTURE,RS_LEADER",7.5,6.5,441.52,451.12,2.17,True
2024-06-13,MU,3,6.5,4.5,5.0,"BREAKOUT_STRUCTURE,RS_LEADER",9.0,4.8,143.08,141.11,-1.38,False
2024-06-14,QCOM,1,7.8,5.1,5.0,"BREAKOUT_STRUCTURE,RS_LEADER",8.5,6.3,215.39,197.32,-8.39,False
2024-06-14,MSFT,2,6.8,4.6,5.0,"BREAKOUT_STRUCTURE,RS_LEADER",7.7,5.6,442.61,452.26,2.18,True
2024-06-14,SHOP,3,5.5,4.4,7.0,"MOMENTUM_EXPANSION,RS_LEADER,VOLATILITY_EXPANSION",7.9,2.8,67.67,65.44,-3.3,False
2024-06-17,QCOM,1,7.8,4.7,5.0,"BREAKOUT_STRUCTURE,RS_LEADER",8.8,7.5,222.21,195.16,-12.17,False
2024-06-17,CRWD,2,7.3,4.2,5.0,"BREAKOUT_STRUCTURE,RS_LEADER",8.6,7.8,390.21,387.11,-0.79,False
2024-06-17,TSLA,3,6.4,4.3,7.0,"MOMENTUM_EXPANSION,RS_LEADER,VOLATILITY_EXPANSION",7.5,5.3,187.43,197.41,5.32,True
2024-06-18,MU,1,6.8,4.7,7.0,"MOMENTUM_EXPANSION,RS_LEADER,VOLATILITY_EXPANSION",9.5,5.1,153.49,131.51,-14.32,False
2024-06-18,CRWD,2,6.6,4.2,3.0,BREAKOUT_STRUCTURE,8.7,6.0,389.46,383.06,-1.64,False
2024-06-18,QCOM,3,7.0,4.8,2.0,RS_LEADER,9.2,4.9,227.01,199.09,-12.3,False
2024-06-20,NEM,1,6.2,4.0,5.0,"MOMENTUM_EXPANSION,RS_LEADER",6.0,6.5,42.81,41.67,-2.66,False
2024-06-20,QCOM,2,6.8,5.0,2.0,VOLATILITY_EXPANSION,7.6,4.2,215.41,199.98,-7.16,False
2024-06-20,MSFT,3,6.3,4.9,3.0,BREAKOUT_STRUCTURE,7.8,3.4,445.62,456.48,2.44,True
2024-06-21,AMZN,1,6.8,5.3,5.0,"BREAKOUT_STRUCTURE,RS_LEADER",7.7,3.5,189.01,200.03,5.83,True
2024-06-21,GOOGL,2,7.0,5.0,4.0,"RS_LEADER,VOLATILITY_EXPANSION",6.9,5.1,179.57,185.27,3.17,True
2024-06-21,META,3,8.1,7.4,0.0,,7.0,4.3,494.68,509.52,3.0,True
2024-06-24,AMZN,1,8.4,6.7,2.0,VOLATILITY_EXPANSION,6.5,7.2,185.8,197.58,6.34,True
2024-06-24,META,2,8.2,7.5,2.0,VOLATILITY_EXPANSION,7.3,4.6,498.89,510.02,2.23,True
2024-06-24,RBLX,3,7.4,5.1,2.0,VOLATILITY_EXPANSION,6.3,6.0,35.2,37.75,7.24,True
2024-06-25,GOOGL,1,6.9,4.8,4.0,"RS_LEADER,VOLATILITY_EXPANSION",8.0,5.2,184.0,190.59,3.58,True
2024-06-25,TSLA,2,6.5,4.3,3.0,BREAKOUT_STRUCTURE,7.5,5.5,187.39,251.69,34.31,True
2024-06-25,AMZN,3,7.6,6.8,0.0,,6.8,4.7,186.37,199.97,7.3,True
2024-06-26,AMZN,1,7.2,5.0,7.0,"MOMENTUM_EXPANSION,RS_LEADER,VOLATILITY_EXPANSION",8.3,5.3,193.59,199.18,2.89,True
2024-06-26,TSLA,2,7.2,4.7,5.0,"BREAKOUT_STRUCTURE,RS_LEADER",8.9,5.9,196.32,252.88,28.81,True
2024-06-26,GOOGL,3,6.8,4.7,5.0,"BREAKOUT_STRUCTURE,RS_LEADER",7.8,5.1,183.85,189.0,2.8,True
2024-06-27,AMZN,1,7.1,4.8,7.0,"MOMENTUM_EXPANSION,RS_LEADER,VOLATILITY_EXPANSION",8.4,5.6,197.85,199.34,0.75,True
2024-06-27,TSLA,2,7.3,4.8,5.0,"BREAKOUT_STRUCTURE,RS_LEADER",8.9,6.2,197.41,262.33,32.89,True
2024-06-27,AAPL,3,8.3,7.2,2.0,RS_LEADER,8.5,5.6,214.11,228.69,6.81,True
2024-06-28,AMZN,1,7.0,4.9,4.0,"RS_LEADER,VOLATILITY_EXPANSION",7.9,5.1,193.27,199.76,3.36,True
2024-06-28,AAPL,2,8.6,7.7,0.0,,7.9,5.3,210.61,232.93,10.6,True
2024-06-28,AMAT,3,8.2,6.5,0.0,,7.4,7.1,235.97,254.95,8.04,True
2024-07-01,CRWD,1,8.6,5.4,5.0,"BREAKOUT_STRUCTURE,RS_LEADER",8.9,7.7,392.54,370.43,-5.63,False
2024-07-01,AAPL,2,7.9,5.5,5.0,"BREAKOUT_STRUCTURE,RS_LEADER",8.4,5.5,216.7,227.66,5.06,True
2024-07-01,TSLA,3,6.0,4.8,7.0,"MOMENTUM_EXPANSION,RS_LEADER,VOLATILITY_EXPANSION",9.3,2.2,209.97,240.72,14.64,True
2024-07-02,AAPL,1,7.6,5.5,5.0,"BREAKOUT_STRUCTURE,RS_LEADER",8.9,4.6,220.35,230.27,4.5,True
2024-07-02,TSLA,2,6.1,4.9,7.0,"MOMENTUM_EXPANSION,RS_LEADER,VOLATILITY_EXPANSION",9.7,2.4,231.14,248.32,7.43,True
2024-07-02,AMAT,3,7.2,5.1,2.0,RS_LEADER,8.1,5.1,240.98,243.32,0.97,True
2024-07-03,NEM,1,6.8,4.1,7.0,"BREAKOUT_STRUCTURE,RS_LEADER,VOLATILITY_EXPANSION",6.4,7.5,43.44,47.33,8.95,True
2024-07-03,AAPL,2,7.5,5.0,5.0,"BREAKOUT_STRUCTURE,RS_LEADER",8.6,6.2,221.53,234.43,5.82,True
2024-07-03,TSLA,3,6.1,4.9,7.0,"MOMENTUM_EXPANSION,RS_LEADER,VOLATILITY_EXPANSION",9.7,2.4,246.6,252.76,2.5,True
2024-07-05,AAPL,1,7.7,5.0,5.0,"BREAKOUT_STRUCTURE,RS_LEADER",8.9,6.3,226.35,234.83,3.75,True
2024-07-05,INTC,2,6.7,4.1,4.0,"RS_LEADER,VOLATILITY_EXPANSION",5.8,7.3,31.98,34.35,7.41,True
2024-07-05,CRWD,3,7.1,5.1,3.0,BREAKOUT_STRUCTURE,7.5,4.8,389.64,369.06,-5.28,False
2024-07-08,CRWD,1,8.1,6.5,5.0,"BREAKOUT_STRUCTURE,VOLATILITY_EXPANSION",7.4,6.6,390.7,354.88,-9.17,False
2024-07-08,AAPL,2,7.3,5.1,5.0,"BREAKOUT_STRUCTURE,RS_LEADER",9.0,5.2,227.81,228.96,0.5,True
2024-07-08,MRVL,3,7.0,4.1,5.0,"BREAKOUT_STRUCTURE,RS_LEADER",7.7,7.8,74.94,67.92,-9.37,False
2024-07-09,MSFT,1,7.5,6.6,5.0,"BREAKOUT_STRUCTURE,VOLATILITY_EXPANSION",7.2,4.9,459.54,440.42,-4.16,False
2024-07-09,AAPL,2,7.4,5.0,5.0,"BREAKOUT_STRUCTURE,RS_LEADER",8.9,5.5,228.69,224.21,-1.96,False
2024-07-09,AMAT,3,6.9,4.5,5.0,"BREAKOUT_STRUCTURE,RS_LEADER",8.6,5.9,251.68,217.99,-13.39,False
2024-07-10,AAPL,1,7.4,5.0,5.0,"BREAKOUT_STRUCTURE,RS_LEADER",8.9,5.7,232.93,224.44,-3.64,False
2024-07-10,AMAT,2,6.9,4.5,5.0,"BREAKOUT_STRUCTURE,RS_LEADER",8.4,5.8,254.95,210.26,-17.53,False
2024-07-10,MSFT,3,7.0,6.0,3.0,BREAKOUT_STRUCTURE,7.4,5.0,465.99,436.96,-6.23,False
2024-07-11,NEM,1,7.1,4.2,7.0,"MOMENTUM_EXPANSION,RS_LEADER,VOLATILITY_EXPANSION",8.8,7.3,47.17,47.28,0.23,True
2024-07-11,GOOGL,2,8.2,6.7,2.0,VOLATILITY_EXPANSION,6.8,6.6,185.59,181.76,-2.06,False
2024-07-11,AMZN,3,8.5,7.1,0.0,,6.3,6.4,195.02,182.69,-6.32,False
2024-07-12,ON,1,5.4,3.5,7.0,"MOMENTUM_EXPANSION,RS_LEADER,VOLATILITY_EXPANSION",6.0,5.6,76.86,73.39,-4.51,False
2024-07-12,RBLX,2,6.2,4.0,5.0,"MOMENTUM_EXPANSION,RS_LEADER",8.4,5.5,40.54,41.08,1.33,True
2024-07-12,INTC,3,6.3,4.5,4.0,"RS_LEADER,VOLATILITY_EXPANSION",8.5,4.3,34.48,32.97,-4.38,False
2024-07-15,SQ,1,5.7,3.9,7.0,"MOMENTUM_EXPANSION,RS_LEADER,VOLATILITY_EXPANSION",7.3,4.7,72.06,61.69,-14.39,False
2024-07-15,DDOG,2,7.4,6.0,2.0,VOLATILITY_EXPANSION,7.1,6.2,129.44,117.28,-9.39,False
2024-07-15,MARA,3,5.2,3.5,7.0,"MOMENTUM_EXPANSION,RS_LEADER,VOLATILITY_EXPANSION",8.6,4.8,24.59,20.67,-15.94,False
2024-07-16,SHOP,1,6.5,3.8,7.0,"MOMENTUM_EXPANSION,RS_LEADER,VOLATILITY_EXPANSION",6.3,7.5,69.71,59.45,-14.72,False
2024-07-16,EBAY,2,6.5,3.8,7.0,"BREAKOUT_STRUCTURE,RS_LEADER,VOLATILITY_EXPANSION",5.9,7.6,55.42,53.15,-4.1,False
2024-07-16,ALNY,3,7.5,4.5,0.0,,8.3,7.2,249.68,237.84,-4.74,False
2024-07-17,EBAY,1,6.1,4.2,7.0,"MOMENTUM_EXPANSION,RS_LEADER,VOLATILITY_EXPANSION",5.7,5.1,54.59,54.2,-0.71,False
2024-07-17,RIVN,2,5.5,3.8,7.0,"MOMENTUM_EXPANSION,RS_LEADER,VOLATILITY_EXPANSION",8.8,4.6,17.18,16.19,-5.76,False
2024-07-17,ALNY,3,7.4,7.2,2.0,VOLATILITY_EXPANSION,7.6,3.0,239.9,235.18,-1.97,False
2024-07-18,AAPL,1,8.6,7.5,2.0,VOLATILITY_EXPANSION,7.2,5.8,224.21,218.19,-2.68,False
2024-07-18,INTC,2,5.5,4.4,7.0,"MOMENTUM_EXPANSION,RS_LEADER,VOLATILITY_EXPANSION",8.6,2.1,34.88,30.83,-11.61,False
2024-07-18,ON,3,6.6,4.8,4.0,"RS_LEADER,VOLATILITY_EXPANSION",7.1,4.3,75.39,78.22,3.75,True
2024-07-19,SBUX,1,5.0,3.7,7.0,"MOMENTUM_EXPANSION,RS_LEADER,VOLATILITY_EXPANSION",5.4,4.1,79.3,75.94,-4.24,False
2024-07-19,AAPL,2,7.8,7.5,0.0,,7.2,3.7,224.44,218.68,-2.57,False
2024-07-19,COIN,3,5.4,3.8,4.0,"RS_LEADER,VOLATILITY_EXPANSION",8.0,4.1,257.86,224.43,-12.96,False
2024-07-22,RBLX,1,7.1,4.7,3.0,BREAKOUT_STRUCTURE,8.6,5.6,41.01,41.48,1.15,True
2024-07-22,ON,2,6.6,4.4,4.0,"RS_LEADER,VOLATILITY_EXPANSION",8.9,5.2,77.36,78.31,1.23,True
2024-07-22,AAPL,3,7.6,7.4,0.0,,6.8,3.4,224.16,222.18,-0.88,False
2024-07-23,RBLX,1,6.8,4.7,3.0,BREAKOUT_STRUCTURE,9.1,5.1,41.08,38.85,-5.43,False
2024-07-23,AAPL,2,7.8,7.5,0.0,,7.1,3.7,224.92,218.51,-2.85,False
2024-07-23,TSLA,3,7.4,5.2,0.0,,8.9,4.9,246.48,216.94,-11.98,False
2024-07-24,AAPL,1,7.7,7.3,2.0,VOLATILITY_EXPANSION,6.6,4.3,218.59,219.81,0.56,True
2024-07-24,RBLX,2,7.6,5.2,2.0,RS_LEADER,8.6,5.6,39.95,39.04,-2.28,False
2024-07-24,EBAY,3,7.3,5.3,0.0,,6.9,5.1,53.66,56.2,4.73,True
2024-07-25,RBLX,1,8.6,5.7,2.0,RS_LEADER,8.8,7.1,40.56,36.53,-9.94,False
2024-07-25,NEM,2,8.0,5.5,2.0,VOLATILITY_EXPANSION,7.7,5.9,45.69,47.05,2.98,True
2024-07-25,DASH,3,5.2,4.5,4.0,"RS_LEADER,VOLATILITY_EXPANSION",3.6,2.7,100.81,121.34,20.37,True
2024-07-26,RBLX,1,7.3,5.6,0.0,,8.5,3.7,40.54,37.67,-7.08,False
2024-07-26,EBAY,2,7.2,5.2,0.0,,7.3,4.8,54.2,55.91,3.15,True
2024-07-26,NEM,3,7.1,5.1,0.0,,8.6,4.3,46.73,47.58,1.82,True
2024-07-29,EBAY,1,7.4,5.3,2.0,RS_LEADER,8.0,5.0,54.6,55.13,0.97,True
2024-07-29,ON,2,6.3,4.0,4.0,"RS_LEADER,VOLATILITY_EXPANSION",9.1,5.6,78.22,66.31,-15.23,False
2024-07-29,RBLX,3,8.0,5.6,0.0,,8.3,5.7,40.6,36.17,-10.91,False
2024-07-30,PYPL,1,7.0,4.1,7.0,"MOMENTUM_EXPANSION,RS_LEADER,VOLATILITY_EXPANSION",8.0,7.7,64.0,64.27,0.42,True
2024-07-30,RBLX,2,7.8,5.2,5.0,"BREAKOUT_STRUCTURE,RS_LEADER",8.6,6.2,41.03,37.17,-9.41,False
2024-07-30,EBAY,3,7.2,5.0,5.0,"MOMENTUM_EXPANSION,RS_LEADER",8.7,5.2,55.4,55.95,0.99,True
2024-07-31,RBLX,1,7.6,4.8,8.0,"MOMENTUM_EXPANSION,BREAKOUT_STRUCTURE,RS_LEADER",8.7,6.7,41.48,36.99,-10.82,False
2024-07-31,SBUX,2,7.4,4.7,5.0,"MOMENTUM_EXPANSION,RS_LEADER",7.2,6.9,77.97,75.1,-3.68,False
2024-07-31,PYPL,3,6.3,4.2,7.0,"MOMENTUM_EXPANSION,RS_LEADER,VOLATILITY_EXPANSION",8.2,5.4,65.78,64.72,-1.61,False
2024-08-01,NEM,1,6.8,4.5,10.0,"MOMENTUM_EXPANSION,BREAKOUT_STRUCTURE,RS_LEADER,VOLATILITY_EXPANSION",9.8,5.2,49.55,48.8,-1.51,False
2024-08-01,EBAY,2,7.9,4.8,7.0,"MOMENTUM_EXPANSION,RS_LEADER,VOLATILITY_EXPANSION",9.2,7.5,56.21,55.8,-0.73,False
2024-08-01,PYPL,3,6.2,4.2,7.0,"MOMENTUM_EXPANSION,RS_LEADER,VOLATILITY_EXPANSION",8.6,4.8,65.29,63.44,-2.83,False
2024-08-02,DASH,1,6.3,4.2,7.0,"MOMENTUM_EXPANSION,RS_LEADER,VOLATILITY_EXPANSION",8.5,5.4,117.13,127.94,9.23,True
2024-08-02,NEM,2,7.3,4.5,4.0,"RS_LEADER,VOLATILITY_EXPANSION",9.3,6.7,48.51,49.0,1.01,True
2024-08-02,AAPL,3,6.8,5.6,4.0,"RS_LEADER,VOLATILITY_EXPANSION",5.8,3.0,219.81,221.21,0.64,True
2024-08-05,DASH,1,6.2,4.1,7.0,"MOMENTUM_EXPANSION,RS_LEADER,VOLATILITY_EXPANSION",8.7,5.0,121.34,126.94,4.62,True
2024-08-05,EBAY,2,7.1,5.6,4.0,"RS_LEADER,VOLATILITY_EXPANSION",8.5,2.9,54.69,55.77,1.97,True
2024-08-05,TWLO,3,6.1,4.6,4.0,"RS_LEADER,VOLATILITY_EXPANSION",9.1,3.2,59.93,60.6,1.12,True
2024-08-06,EBAY,1,7.0,5.0,4.0,"RS_LEADER,VOLATILITY_EXPANSION",9.0,4.4,55.91,55.85,-0.11,False
2024-08-06,DASH,2,6.2,4.2,5.0,"MOMENTUM_EXPANSION,RS_LEADER",8.7,4.9,122.64,130.28,6.23,True
2024-08-06,META,3,5.9,4.3,4.0,"RS_LEADER,VOLATILITY_EXPANSION",6.4,4.0,494.05,537.25,8.74,True
2024-08-07,SHOP,1,5.4,3.5,7.0,"MOMENTUM_EXPANSION,RS_LEADER,VOLATILITY_EXPANSION",7.2,5.4,63.89,74.58,16.73,True
2024-08-07,EBAY,2,6.4,5.2,2.0,RS_LEADER,8.6,2.5,55.13,55.49,0.65,True
2024-08-07,SBUX,3,6.3,6.6,2.0,RS_LEADER,8.0,1.7,75.29,94.83,25.95,True
2024-08-08,SHOP,1,5.4,3.7,7.0,"MOMENTUM_EXPANSION,RS_LEADER,VOLATILITY_EXPANSION",7.7,4.6,68.56,75.16,9.63,True
2024-08-08,SBUX,2,6.9,6.6,2.0,RS_LEADER,7.9,3.3,75.79,92.31,21.8,True
2024-08-08,NKE,3,6.6,6.2,2.0,RS_LEADER,7.6,3.5,74.18,83.28,12.27,True
2024-08-09,PYPL,1,6.3,4.4,2.0,RS_LEADER,9.4,4.5,64.72,71.89,11.08,True
2024-08-09,EBAY,2,7.0,4.9,0.0,,8.6,4.7,56.52,56.94,0.74,True
2024-08-09,NKE,3,6.6,5.1,0.0,,7.6,3.5,74.34,83.56,12.4,True
2024-08-12,DASH,1,6.6,4.3,3.0,BREAKOUT_STRUCTURE,8.9,5.6,124.07,129.51,4.38,True
2024-08-12,NKE,2,6.6,4.6,3.0,BREAKOUT_STRUCTURE,7.7,4.9,74.64,83.97,12.5,True
2024-08-12,EBAY,3,6.9,6.0,0.0,,7.6,4.5,55.8,58.69,5.18,True
2024-08-13,NKE,1,6.0,4.2,7.0,"MOMENTUM_EXPANSION,RS_LEADER,VOLATILITY_EXPANSION",7.7,4.8,78.48,83.41,6.28,True
2024-08-13,SBUX,2,5.6,4.3,7.0,"MOMENTUM_EXPANSION,RS_LEADER,VOLATILITY_EXPANSION",8.5,6.1,95.91,92.49,-3.57,False
2024-08-13,NET,3,5.5,3.5,5.0,"BREAKOUT_STRUCTURE,RS_LEADER",7.2,5.3,81.75,80.7,-1.28,False
2024-08-14,SBUX,1,5.5,4.4,7.0,"MOMENTUM_EXPANSION,RS_LEADER,VOLATILITY_EXPANSION",8.7,2.4,93.91,94.02,0.12,True
2024-08-14,NKE,2,6.2,4.2,5.0,"MOMENTUM_EXPANSION,RS_LEADER",7.5,5.0,78.48,84.02,7.06,True
2024-08-14,SHOP,3,5.8,3.8,5.0,"BREAKOUT_STRUCTURE,RS_LEADER",8.0,5.1,71.6,76.14,6.34,True
2024-08-15,MRVL,1,5.2,3.3,8.0,"MOMENTUM_EXPANSION,BREAKOUT_STRUCTURE,RS_LEADER",6.8,5.5,69.36,68.84,-0.75,False
2024-08-15,NKE,2,5.6,4.3,7.0,"MOMENTUM_EXPANSION,RS_LEADER,VOLATILITY_EXPANSION",7.9,2.9,82.54,84.28,2.11,True
2024-08-15,SHOP,3,6.1,3.8,5.0,"BREAKOUT_STRUCTURE,RS_LEADER",7.9,6.0,74.84,74.96,0.16,True
2024-08-16,AAPL,1,6.9,4.5,3.0,BREAKOUT_STRUCTURE,7.1,6.1,226.06,228.13,0.92,True
2024-08-16,SHOP,2,6.0,3.8,5.0,"BREAKOUT_STRUCTURE,RS_LEADER",7.7,6.0,74.58,74.55,-0.04,False
2024-08-16,AVGO,3,5.7,3.8,5.0,"BREAKOUT_STRUCTURE,RS_LEADER",7.4,5.2,165.69,161.42,-2.58,False
2024-08-19,PYPL,1,6.6,4.4,5.0,"BREAKOUT_STRUCTURE,RS_LEADER",8.6,5.3,69.45,70.42,1.4,True
2024-08-19,EBAY,2,7.2,4.6,3.0,BREAKOUT_STRUCTURE,6.4,6.3,56.67,57.77,1.94,True
2024-08-19,SHOP,3,6.1,3.8,5.0,"BREAKOUT_STRUCTURE,RS_LEADER",7.6,6.2,75.16,72.52,-3.51,False
2024-08-20,PYPL,1,7.4,4.5,8.0,"MOMENTUM_EXPANSION,BREAKOUT_STRUCTURE,RS_LEADER",8.9,7.2,71.89,73.17,1.78,True
2024-08-20,EBAY,2,7.0,4.7,3.0,BREAKOUT_STRUCTURE,6.7,5.7,56.94,58.61,2.93,True
2024-08-20,SHOP,3,6.1,3.8,5.0,"BREAKOUT_STRUCTURE,RS_LEADER",7.8,6.0,74.86,73.31,-2.07,False
2024-08-21,RBLX,1,6.6,3.7,8.0,"MOMENTUM_EXPANSION,BREAKOUT_STRUCTURE,RS_LEADER",7.6,7.8,43.34,44.0,1.52,True
2024-08-21,EBAY,2,7.4,4.2,5.0,"BREAKOUT_STRUCTURE,RS_LEADER",7.2,8.4,58.69,59.11,0.72,True
2024-08-21,PYPL,3,6.5,4.4,5.0,"BREAKOUT_STRUCTURE,RS_LEADER",8.5,5.2,71.44,72.41,1.36,True
2024-08-22,EBAY,1,6.5,4.1,5.0,"BREAKOUT_STRUCTURE,RS_LEADER",8.1,6.2,59.02,58.75,-0.46,False
2024-08-22,DASH,2,7.3,5.0,3.0,BREAKOUT_STRUCTURE,8.3,5.2,128.9,125.09,-2.96,False
2024-08-22,NEM,3,6.3,4.1,5.0,"BREAKOUT_STRUCTURE,RS_LEADER",8.2,5.6,51.4,52.27,1.69,True
2024-08-23,DASH,1,7.2,4.8,3.0,BREAKOUT_STRUCTURE,7.7,5.9,128.76,125.42,-2.59,False
2024-08-23,EBAY,2,6.3,4.0,5.0,"BREAKOUT_STRUCTURE,RS_LEADER",7.6,6.2,58.87,58.93,0.1,True
2024-08-23,NVDA,3,5.7,4.3,5.0,"BREAKOUT_STRUCTURE,RS_LEADER",7.4,3.2,129.28,106.16,-17.88,False
2024-08-26,EBAY,1,6.1,4.0,5.0,"BREAKOUT_STRUCTURE,RS_LEADER",7.8,5.7,59.01,59.11,0.17,True
2024-08-26,PYPL,2,5.9,4.6,5.0,"BREAKOUT_STRUCTURE,RS_LEADER",8.8,3.1,72.05,72.04,-0.01,False
2024-08-26,DDOG,3,6.7,5.6,3.0,BREAKOUT_STRUCTURE,5.3,5.8,116.74,110.08,-5.7,False
2024-08-27,SBUX,1,7.1,4.7,5.0,"BREAKOUT_STRUCTURE,RS_LEADER",9.4,5.8,98.6,91.16,-7.55,False
2024-08-27,SQ,2,6.1,3.9,5.0,"BREAKOUT_STRUCTURE,RS_LEADER",6.6,5.9,66.67,61.25,-8.13,False
2024-08-27,DASH,3,8.1,6.8,0.0,,8.1,5.9,128.47,123.57,-3.81,False
2024-08-28,AAPL,1,7.1,7.0,5.0,"BREAKOUT_STRUCTURE,VOLATILITY_EXPANSION",6.8,3.3,226.4,220.95,-2.41,False
2024-08-28,SHOP,2,7.8,5.0,2.0,VOLATILITY_EXPANSION,8.1,6.8,72.52,68.12,-6.07,False
2024-08-28,SQ,3,7.7,5.2,2.0,VOLATILITY_EXPANSION,6.3,6.3,64.66,61.3,-5.2,False
2024-08-29,SQ,1,6.6,4.4,7.0,"MOMENTUM_EXPANSION,RS_LEADER,VOLATILITY_EXPANSION",6.9,5.6,66.42,61.38,-7.59,False
2024-08-29,ON,2,7.5,5.0,4.0,"RS_LEADER,VOLATILITY_EXPANSION",7.6,6.3,76.3,68.25,-10.55,False
2024-08-29,AAPL,3,7.0,5.4,5.0,"BREAKOUT_STRUCTURE,VOLATILITY_EXPANSION",7.7,3.5,229.83,220.1,-4.23,False
2024-08-30,INTC,1,5.5,3.4,10.0,"MOMENTUM_EXPANSION,BREAKOUT_STRUCTURE,RS_LEADER,VOLATILITY_EXPANSION",4.9,6.6,22.06,19.64,-10.97,False
2024-08-30,MRVL,2,5.8,3.8,7.0,"MOMENTUM_EXPANSION,RS_LEADER,VOLATILITY_EXPANSION",7.8,5.3,76.29,74.87,-1.86,False
2024-08-30,DASH,3,7.5,6.4,3.0,BREAKOUT_STRUCTURE,6.0,5.5,128.68,129.97,1.0,True
2024-09-03,CRWD,1,7.8,7.2,2.0,VOLATILITY_EXPANSION,8.2,4.4,266.58,257.14,-3.54,False
2024-09-03,AAPL,2,7.8,7.3,2.0,VOLATILITY_EXPANSION,6.6,4.5,222.72,222.85,0.06,True
2024-09-03,MRVL,3,6.8,5.0,4.0,"RS_LEADER,VOLATILITY_EXPANSION",7.9,4.6,70.04,74.33,6.13,True
2024-09-04,NEM,1,7.2,5.4,2.0,VOLATILITY_EXPANSION,7.0,4.1,51.62,53.7,4.03,True
2024-09-04,PYPL,2,7.1,5.1,2.0,RS_LEADER,8.7,4.7,72.59,70.12,-3.4,False
2024-09-04,SBUX,3,7.5,7.4,0.0,,7.6,3.0,92.31,98.55,6.76,True
2024-09-05,PYPL,1,8.2,6.7,4.0,"RS_LEADER,VOLATILITY_EXPANSION",8.4,6.6,72.04,71.07,-1.35,False
2024-09-05,EBAY,2,7.3,5.1,5.0,"BREAKOUT_STRUCTURE,RS_LEADER",7.2,5.7,59.11,64.34,8.85,True
2024-09-05,AMZN,3,6.5,4.9,5.0,"MOMENTUM_EXPANSION,RS_LEADER",7.1,3.8,177.87,184.9,3.95,True
2024-09-06,EBAY,1,7.6,5.4,5.0,"BREAKOUT_STRUCTURE,RS_LEADER",8.2,5.4,59.21,64.9,9.61,True
2024-09-06,RBLX,2,7.5,5.4,4.0,"RS_LEADER,VOLATILITY_EXPANSION",9.2,4.7,43.63,45.73,4.81,True
2024-09-06,AMZN,3,7.4,5.7,4.0,"RS_LEADER,VOLATILITY_EXPANSION",5.8,4.5,171.45,186.96,9.05,True
2024-09-09,EBAY,1,7.6,5.4,5.0,"BREAKOUT_STRUCTURE,RS_LEADER",8.2,5.3,59.41,63.17,6.33,True
2024-09-09,RBLX,2,7.5,5.4,4.0,"RS_LEADER,VOLATILITY_EXPANSION",9.1,4.7,43.62,45.28,3.81,True
2024-09-09,NKE,3,7.2,6.8,2.0,VOLATILITY_EXPANSION,6.3,4.3,79.47,80.89,1.79,True
2024-09-10,EBAY,1,7.4,5.0,5.0,"BREAKOUT_STRUCTURE,RS_LEADER",8.7,5.8,60.28,63.22,4.88,True
2024-09-10,AMZN,2,6.6,5.0,2.0,RS_LEADER,7.4,3.8,179.62,189.85,5.7,True
2024-09-10,PYPL,3,6.4,6.6,2.0,VOLATILITY_EXPANSION,6.0,2.3,68.84,77.57,12.68,True
2024-09-11,EBAY,1,7.1,4.4,8.0,"MOMENTUM_EXPANSION,BREAKOUT_STRUCTURE,RS_LEADER",8.4,6.7,60.75,62.74,3.28,True
2024-09-11,SBUX,2,7.3,4.4,7.0,"MOMENTUM_EXPANSION,RS_LEADER,VOLATILITY_EXPANSION",8.1,7.6,98.19,96.03,-2.2,False
2024-09-11,MSFT,3,6.5,4.5,7.0,"MOMENTUM_EXPANSION,RS_LEADER,VOLATILITY_EXPANSION",5.4,5.7,422.73,435.42,3.0,True
2024-09-12,EBAY,1,7.3,4.4,7.0,"MOMENTUM_EXPANSION,RS_LEADER,VOLATILITY_EXPANSION",9.0,7.4,63.2,63.45,0.4,True
2024-09-12,SBUX,2,6.8,4.6,5.0,"MOMENTUM_EXPANSION,RS_LEADER",8.7,5.3,99.3,95.51,-3.82,False
2024-09-12,DKNG,3,6.5,4.2,5.0,"MOMENTUM_EXPANSION,RS_LEADER",9.4,5.5,38.58,39.63,2.72,True
2024-09-13,EBAY,1,5.8,4.4,7.0,"MOMENTUM_EXPANSION,RS_LEADER,VOLATILITY_EXPANSION",8.9,2.9,63.44,65.44,3.15,True
2024-09-13,TSLA,2,6.9,4.4,2.0,RS_LEADER,7.7,6.1,230.23,254.27,10.44,True
2024-09-13,RBLX,3,6.2,4.2,3.0,BREAKOUT_STRUCTURE,8.4,4.6,45.87,47.11,2.7,True
2024-09-16,RBLX,1,7.2,4.3,5.0,"MOMENTUM_EXPANSION,RS_LEADER",8.8,7.3,46.25,47.62,2.96,True
2024-09-16,SNAP,2,4.9,3.6,7.0,"MOMENTUM_EXPANSION,RS_LEADER,VOLATILITY_EXPANSION",7.3,3.5,9.64,10.59,9.85,True
2024-09-16,INTC,3,5.1,3.8,5.0,"MOMENTUM_EXPANSION,RS_LEADER",6.4,3.6,20.93,23.56,12.57,True
2024-09-17,ABNB,1,6.8,4.0,7.0,"MOMENTUM_EXPANSION,RS_LEADER,VOLATILITY_EXPANSION",6.9,7.5,122.13,129.3,5.87,True
2024-09-17,EBAY,2,5.7,4.5,5.0,"MOMENTUM_EXPANSION,RS_LEADER",9.2,2.5,64.9,63.98,-1.42,False
2024-09-17,SQ,3,5.5,4.0,5.0,"BREAKOUT_STRUCTURE,RS_LEADER",7.7,3.9,67.32,66.49,-1.23,False
2024-09-18,NEM,1,7.4,4.5,7.0,"MOMENTUM_EXPANSION,RS_LEADER,VOLATILITY_EXPANSION",7.5,7.2,53.06,53.88,1.55,True
2024-09-18,PYPL,2,7.2,4.1,5.0,"BREAKOUT_STRUCTURE,RS_LEADER",7.1,8.1,73.12,77.82,6.43,True
2024-09-18,AMZN,3,6.6,4.4,3.0,BREAKOUT_STRUCTURE,7.0,5.2,186.39,187.88,0.8,True
2024-09-19,TSLA,1,6.9,4.3,8.0,"MOMENTUM_EXPANSION,BREAKOUT_STRUCTURE,RS_LEADER",7.9,6.6,243.92,261.68,7.28,True
2024-09-19,SHOP,2,6.8,4.1,5.0,"MOMENTUM_EXPANSION,RS_LEADER",8.0,7.1,78.71,80.13,1.8,True
2024-09-19,PYPL,3,6.7,4.6,5.0,"MOMENTUM_EXPANSION,RS_LEADER",8.9,5.1,77.57,78.02,0.58,True
2024-09-20,CRWD,1,6.4,4.3,7.0,"MOMENTUM_EXPANSION,RS_LEADER,VOLATILITY_EXPANSION",8.1,5.2,299.82,275.19,-8.21,False
2024-09-20,NKE,2,6.2,4.1,7.0,"MOMENTUM_EXPANSION,RS_LEADER,VOLATILITY_EXPANSION",7.1,5.6,86.66,89.16,2.88,True
2024-09-20,DASH,3,6.7,4.4,5.0,"MOMENTUM_EXPANSION,RS_LEADER",8.8,5.5,139.72,141.96,1.6,True
2024-09-23,AMZN,1,7.4,5.0,5.0,"BREAKOUT_STRUCTURE,RS_LEADER",8.9,6.0,193.89,184.78,-4.7,False
2024-09-23,AVGO,2,6.6,4.3,5.0,"BREAKOUT_STRUCTURE,RS_LEADER",8.2,5.7,172.88,170.68,-1.27,False
2024-09-23,INTC,3,6.1,4.1,5.0,"MOMENTUM_EXPANSION,RS_LEADER",7.4,5.2,22.58,22.38,-0.89,False
2024-09-24,AVGO,1,6.8,4.5,5.0,"BREAKOUT_STRUCTURE,RS_LEADER",8.8,5.7,175.01,171.87,-1.79,False
2024-09-24,AMD,2,6.4,4.4,5.0,"BREAKOUT_STRUCTURE,RS_LEADER",7.6,5.1,158.32,162.99,2.95,True
2024-09-24,AMZN,3,6.3,4.8,5.0,"BREAKOUT_STRUCTURE,RS_LEADER",8.3,3.2,194.02,181.9,-6.25,False
2024-09-25,TSLA,1,7.2,4.9,5.0,"BREAKOUT_STRUCTURE,RS_LEADER",9.8,5.3,257.0,250.03,-2.71,False
2024-09-25,AMZN,2,7.9,5.3,3.0,BREAKOUT_STRUCTURE,8.2,6.3,192.53,186.49,-3.14,False
2024-09-25,AVGO,3,6.9,4.7,5.0,"BREAKOUT_STRUCTURE,RS_LEADER",8.6,5.3,175.51,176.68,0.67,True
2024-09-26,AMAT,1,5.8,4.0,10.0,"MOMENTUM_EXPANSION,BREAKOUT_STRUCTURE,RS_LEADER,VOLATILITY_EXPANSION",6.8,4.7,209.6,200.19,-4.49,False
2024-09-26,FCX,2,6.5,4.5,7.0,"MOMENTUM_EXPANSION,RS_LEADER,VOLATILITY_EXPANSION",9.0,4.8,51.91,50.78,-2.18,False
2024-09-26,MU,3,5.9,4.2,7.0,"MOMENTUM_EXPANSION,RS_LEADER,VOLATILITY_EXPANSION",7.7,4.4,109.89,102.97,-6.3,False
2024-09-27,HOOD,1,6.3,3.9,8.0,"MOMENTUM_EXPANSION,BREAKOUT_STRUCTURE,RS_LEADER",8.2,6.3,23.9,25.61,7.15,True
2024-09-27,TSLA,2,6.3,5.0,5.0,"BREAKOUT_STRUCTURE,RS_LEADER",9.6,2.5,260.44,244.47,-6.13,False
2024-09-27,DKNG,3,6.4,4.4,4.0,"RS_LEADER,VOLATILITY_EXPANSION",8.3,4.8,40.35,37.51,-7.04,False
2024-09-30,AAPL,1,6.8,4.5,5.0,"BREAKOUT_STRUCTURE,RS_LEADER",6.8,6.0,232.85,229.51,-1.43,False
2024-09-30,TSLA,2,6.6,5.0,5.0,"BREAKOUT_STRUCTURE,RS_LEADER",9.6,3.3,261.68,241.02,-7.9,False
2024-09-30,AMZN,3,7.9,7.0,0.0,,5.7,5.1,186.38,185.19,-0.64,False
2024-10-01,GOOGL,1,6.2,4.6,7.0,"BREAKOUT_STRUCTURE,RS_LEADER,VOLATILITY_EXPANSION",6.8,4.1,167.02,162.08,-2.96,False
2024-10-01,TSLA,2,7.4,5.0,2.0,VOLATILITY_EXPANSION,9.5,6.0,258.01,238.7,-7.48,False
2024-10-01,AMD,3,7.4,5.0,2.0,VOLATILITY_EXPANSION,9.1,5.9,159.74,164.24,2.82,True
2024-10-02,GOOGL,1,6.4,5.1,5.0,"BREAKOUT_STRUCTURE,RS_LEADER",6.5,3.2,165.83,163.31,-1.52,False
2024-10-02,EBAY,2,7.2,4.9,3.0,BREAKOUT_STRUCTURE,7.5,6.0,65.19,66.32,1.73,True
2024-10-02,AMAT,3,6.5,4.7,4.0,"RS_LEADER,VOLATILITY_EXPANSION",7.3,4.3,201.11,205.0,1.93,True
2024-10-03,EBAY,1,6.8,4.5,5.0,"BREAKOUT_STRUCTURE,RS_LEADER",7.5,6.0,65.39,66.9,2.31,True
2024-10-03,AMD,2,7.2,5.3,2.0,VOLATILITY_EXPANSION,8.7,4.0,162.99,165.27,1.4,True
2024-10-03,TSLA,3,7.1,6.7,2.0,VOLATILITY_EXPANSION,5.9,3.6,240.7,219.16,-8.95,False
2024-10-04,SHOP,1,6.9,4.6,10.0,"MOMENTUM_EXPANSION,BREAKOUT_STRUCTURE,RS_LEADER,VOLATILITY_EXPANSION",8.9,5.7,82.43,81.95,-0.58,False
2024-10-04,AMD,2,7.2,4.8,7.0,"MOMENTUM_EXPANSION,RS_LEADER,VOLATILITY_EXPANSION",9.5,5.6,170.86,156.69,-8.29,False
2024-10-04,AVGO,3,8.1,5.6,2.0,RS_LEADER,9.3,5.6,176.68,176.05,-0.36,False
2024-10-07,NVDA,1,7.0,4.9,7.0,"MOMENTUM_EXPANSION,RS_LEADER,VOLATILITY_EXPANSION",8.8,5.1,127.78,135.72,6.21,True
2024-10-07,PYPL,2,7.1,4.8,5.0,"BREAKOUT_STRUCTURE,RS_LEADER",8.2,5.5,80.29,80.83,0.67,True
2024-10-07,AVGO,3,8.2,5.5,2.0,RS_LEADER,8.7,6.3,175.21,176.8,0.91,True
2024-10-08,AVGO,1,7.3,4.9,7.0,"BREAKOUT_STRUCTURE,RS_LEADER,VOLATILITY_EXPANSION",8.9,5.9,180.72,181.53,0.45,True
2024-10-08,PYPL,2,7.3,4.8,5.0,"BREAKOUT_STRUCTURE,RS_LEADER",8.0,6.3,81.16,79.85,-1.61,False
2024-10-08,HOOD,3,6.1,4.0,7.0,"MOMENTUM_EXPANSION,RS_LEADER,VOLATILITY_EXPANSION",8.8,5.4,25.61,26.33,2.81,True
2024-10-09,PYPL,1,7.0,4.5,5.0,"BREAKOUT_STRUCTURE,RS_LEADER",8.5,6.2,81.64,80.95,-0.85,False
2024-10-09,CRWD,2,6.8,4.5,5.0,"BREAKOUT_STRUCTURE,RS_LEADER",8.9,5.2,298.38,310.09,3.92,True
2024-10-09,AVGO,3,7.0,4.9,4.0,"RS_LEADER,VOLATILITY_EXPANSION",8.9,5.0,185.97,179.89,-3.27,False
2024-10-10,CRWD,1,7.8,4.8,10.0,"MOMENTUM_EXPANSION,BREAKOUT_STRUCTURE,RS_LEADER,VOLATILITY_EXPANSION",9.7,7.4,314.99,309.61,-1.71,False
2024-10-10,DASH,2,8.3,6.2,5.0,"BREAKOUT_STRUCTURE,VOLATILITY_EXPANSION",7.2,8.2,144.58,152.85,5.72,True
2024-10-10,DDOG,3,6.5,4.5,7.0,"MOMENTUM_EXPANSION,RS_LEADER,VOLATILITY_EXPANSION",9.2,4.8,130.09,125.83,-3.27,False
2024-10-11,DASH,1,6.8,4.6,7.0,"MOMENTUM_EXPANSION,RS_LEADER,VOLATILITY_EXPANSION",7.9,5.6,149.42,152.49,2.05,True
2024-10-11,CRWD,2,7.1,4.7,5.0,"BREAKOUT_STRUCTURE,RS_LEADER",9.5,5.6,320.22,308.5,-3.66,False
2024-10-11,ABNB,3,6.4,4.2,5.0,"BREAKOUT_STRUCTURE,RS_LEADER",7.9,5.5,134.43,135.57,0.85,True
2024-10-14,AMAT,1,7.3,4.4,5.0,"BREAKOUT_STRUCTURE,RS_LEADER",8.2,7.6,213.87,182.73,-14.56,False
2024-10-14,NVDA,2,6.5,5.0,5.0,"BREAKOUT_STRUCTURE,RS_LEADER",8.9,3.4,138.18,139.56,1.0,True
2024-10-14,AAPL,3,7.3,6.2,3.0,BREAKOUT_STRUCTURE,6.1,5.5,231.3,230.68,-0.27,False
2024-10-15,AAPL,1,7.0,4.7,5.0,"BREAKOUT_STRUCTURE,RS_LEADER",6.4,6.2,233.93,230.6,-1.42,False
2024-10-15,MRVL,2,6.1,4.2,7.0,"MOMENTUM_EXPANSION,RS_LEADER,VOLATILITY_EXPANSION",7.7,4.9,79.46,81.91,3.08,True
2024-10-15,SNAP,3,6.5,4.0,5.0,"BREAKOUT_STRUCTURE,RS_LEADER",7.2,6.4,11.04,10.28,-6.88,False
2024-10-16,MRVL,1,6.4,4.4,7.0,"MOMENTUM_EXPANSION,RS_LEADER,VOLATILITY_EXPANSION",8.3,5.1,81.69,81.63,-0.07,False
2024-10-16,EBAY,2,6.3,5.3,3.0,BREAKOUT_STRUCTURE,5.6,5.4,66.9,63.08,-5.71,False
2024-10-16,ABNB,3,6.3,4.0,3.0,BREAKOUT_STRUCTURE,6.6,5.8,135.19,134.62,-0.42,False
2024-10-17,CLF,1,6.9,3.9,7.0,"BREAKOUT_STRUCTURE,RS_LEADER,VOLATILITY_EXPANSION",7.7,8.2,13.66,13.67,0.07,True
2024-10-17,NEM,2,5.6,3.8,5.0,"BREAKOUT_STRUCTURE,RS_LEADER",6.3,4.9,56.5,48.36,-14.41,False
2024-10-17,ABNB,3,6.4,4.3,3.0,BREAKOUT_STRUCTURE,7.0,5.6,136.01,135.8,-0.15,False
2024-10-18,PYPL,1,7.6,6.3,3.0,BREAKOUT_STRUCTURE,6.1,6.1,80.95,80.28,-0.83,False
2024-10-18,CLF,2,6.3,3.8,5.0,"BREAKOUT_STRUCTURE,RS_LEADER",7.7,6.4,13.93,13.71,-1.58,False
2024-10-18,SHOP,3,7.1,6.2,3.0,BREAKOUT_STRUCTURE,5.8,5.0,82.7,80.39,-2.79,False
2024-10-21,AAPL,1,6.8,4.7,5.0,"BREAKOUT_STRUCTURE,RS_LEADER",6.9,5.4,236.48,230.16,-2.67,False
2024-10-21,PYPL,2,7.3,6.3,3.0,BREAKOUT_STRUCTURE,5.7,5.3,80.56,78.21,-2.92,False
2024-10-21,DDOG,3,7.4,6.1,2.0,VOLATILITY_EXPANSION,6.8,5.9,125.83,128.21,1.89,True
2024-10-22,NVDA,1,6.7,5.0,5.0,"BREAKOUT_STRUCTURE,RS_LEADER",9.1,3.7,143.57,132.81,-7.49,False
2024-10-22,PYPL,2,7.3,6.3,3.0,BREAKOUT_STRUCTURE,5.9,5.6,80.91,79.3,-1.99,False
2024-10-22,ABNB,3,7.2,6.3,3.0,BREAKOUT_STRUCTURE,6.7,5.1,135.57,134.79,-0.58,False
2024-10-23,AAPL,1,8.6,7.3,2.0,VOLATILITY_EXPANSION,6.6,6.7,230.68,222.86,-3.39,False
2024-10-23,SBUX,2,7.4,4.7,4.0,"RS_LEADER,VOLATILITY_EXPANSION",6.1,7.3,97.66,98.87,1.24,True
2024-10-23,PYPL,3,7.6,6.5,3.0,BREAKOUT_STRUCTURE,6.8,5.7,80.86,77.25,-4.46,False
2024-10-24,TSLA,1,6.7,4.1,7.0,"MOMENTUM_EXPANSION,RS_LEADER,VOLATILITY_EXPANSION",6.7,7.3,260.48,242.91,-6.75,False
2024-10-24,PYPL,2,7.4,6.1,5.0,"BREAKOUT_STRUCTURE,RS_LEADER",6.7,6.1,81.39,78.13,-4.01,False
2024-10-24,NVDA,3,7.3,5.2,2.0,RS_LEADER,9.0,5.0,140.4,136.15,-3.03,False
2024-10-25,TSLA,1,6.1,4.2,7.0,"MOMENTUM_EXPANSION,RS_LEADER,VOLATILITY_EXPANSION",6.9,4.9,269.16,251.44,-6.58,False
2024-10-25,PYPL,2,7.5,6.2,3.0,BREAKOUT_STRUCTURE,7.1,6.0,81.71,79.26,-3.0,False
2024-10-25,NVDA,3,7.4,5.1,2.0,RS_LEADER,9.3,5.3,141.5,139.93,-1.11,False
2024-10-28,HOOD,1,6.9,4.2,8.0,"MOMENTUM_EXPANSION,BREAKOUT_STRUCTURE,RS_LEADER",8.5,6.7,27.89,29.86,7.06,True
2024-10-28,PYPL,2,6.8,4.5,8.0,"MOMENTUM_EXPANSION,BREAKOUT_STRUCTURE,RS_LEADER",7.5,6.0,83.62,81.4,-2.65,False
2024-10-28,GOOGL,3,6.8,4.8,4.0,"RS_LEADER,VOLATILITY_EXPANSION",5.3,5.4,166.77,176.52,5.85,True
2024-10-29,DDOG,1,7.0,4.6,5.0,"BREAKOUT_STRUCTURE,RS_LEADER",7.7,5.8,128.84,129.8,0.75,True
2024-10-29,HOOD,2,6.8,4.2,5.0,"BREAKOUT_STRUCTURE,RS_LEADER",8.1,6.6,28.02,29.34,4.71,True
2024-10-29,DASH,3,6.3,4.5,5.0,"BREAKOUT_STRUCTURE,RS_LEADER",7.6,4.4,155.16,170.56,9.93,True
2024-10-30,HOOD,1,7.0,4.4,8.0,"MOMENTUM_EXPANSION,BREAKOUT_STRUCTURE,RS_LEADER",8.5,6.6,28.22,30.53,8.19,True
2024-10-30,SNAP,2,6.5,3.9,7.0,"MOMENTUM_EXPANSION,RS_LEADER,VOLATILITY_EXPANSION",7.9,7.3,12.6,12.0,-4.76,False
2024-10-30,GOOGL,3,6.5,4.6,7.0,"MOMENTUM_EXPANSION,RS_LEADER,VOLATILITY_EXPANSION",7.6,4.8,174.41,178.36,2.26,True
2024-10-31,GOOGL,1,6.9,4.9,7.0,"MOMENTUM_EXPANSION,RS_LEADER,VOLATILITY_EXPANSION",7.8,4.6,171.1,180.44,5.46,True
2024-10-31,SBUX,2,7.3,4.7,4.0,"RS_LEADER,VOLATILITY_EXPANSION",6.2,6.6,97.61,100.32,2.78,True
2024-10-31,DASH,3,7.3,6.6,4.0,"RS_LEADER,VOLATILITY_EXPANSION",8.8,4.4,156.72,174.83,11.56,True
2024-11-01,MRVL,1,7.2,4.9,7.0,"MOMENTUM_EXPANSION,RS_LEADER,VOLATILITY_EXPANSION",9.2,5.2,84.82,92.77,9.37,True
2024-11-01,AMZN,2,7.2,4.8,5.0,"MOMENTUM_EXPANSION,RS_LEADER",8.6,5.8,197.86,208.95,5.6,True
2024-11-01,DASH,3,7.5,6.7,4.0,"RS_LEADER,VOLATILITY_EXPANSION",8.4,4.5,156.12,176.49,13.05,True
2024-11-04,TWLO,1,5.4,4.3,7.0,"MOMENTUM_EXPANSION,RS_LEADER,VOLATILITY_EXPANSION",9.7,2.1,87.51,99.88,14.14,True
2024-11-04,AMZN,2,7.5,5.3,2.0,RS_LEADER,8.6,5.0,195.79,214.08,9.34,True
2024-11-04,DASH,3,6.6,6.6,4.0,"RS_LEADER,VOLATILITY_EXPANSION",8.9,2.1,157.24,175.73,11.76,True
2024-11-05,TWLO,1,5.3,4.3,7.0,"MOMENTUM_EXPANSION,RS_LEADER,VOLATILITY_EXPANSION",9.8,1.9,88.69,97.13,9.52,True
2024-11-05,AMZN,2,7.1,4.9,2.0,RS_LEADER,8.7,5.4,199.5,211.45,5.99,True
2024-11-05,MRVL,3,6.8,4.6,2.0,RS_LEADER,9.2,5.3,87.18,90.69,4.03,True
2024-11-06,AMZN,1,7.6,4.7,7.0,"MOMENTUM_EXPANSION,RS_LEADER,VOLATILITY_EXPANSION",8.3,7.4,207.06,202.56,-2.17,False
2024-11-06,SQ,2,7.0,4.1,7.0,"MOMENTUM_EXPANSION,RS_LEADER,VOLATILITY_EXPANSION",7.9,7.5,77.61,84.33,8.66,True
2024-11-06,NVDA,3,7.5,4.7,4.0,"RS_LEADER,VOLATILITY_EXPANSION",7.6,7.4,145.5,141.91,-2.47,False
2024-11-07,ABNB,1,7.0,4.3,7.0,"MOMENTUM_EXPANSION,RS_LEADER,VOLATILITY_EXPANSION",7.7,7.4,147.41,132.2,-10.32,False
2024-11-07,INTC,2,6.1,4.1,7.0,"MOMENTUM_EXPANSION,RS_LEADER,VOLATILITY_EXPANSION",7.8,4.9,26.25,24.85,-5.33,False
2024-11-07,NVDA,3,6.7,4.7,5.0,"BREAKOUT_STRUCTURE,RS_LEADER",7.8,4.8,148.89,140.13,-5.88,False
2024-11-08,NVDA,1,6.9,4.7,5.0,"BREAKOUT_STRUCTURE,RS_LEADER",7.8,5.3,147.69,147.0,-0.47,False
2024-11-08,TSLA,2,5.9,4.7,7.0,"MOMENTUM_EXPANSION,RS_LEADER,VOLATILITY_EXPANSION",9.5,2.5,321.18,345.88,7.69,True
2024-11-08,UPST,3,5.3,3.7,7.0,"MOMENTUM_EXPANSION,RS_LEADER,VOLATILITY_EXPANSION",9.4,4.5,80.84,71.1,-12.05,False
2024-11-11,SHOP,1,6.0,4.0,7.0,"MOMENTUM_EXPANSION,RS_LEADER,VOLATILITY_EXPANSION",7.1,5.3,90.03,103.95,15.46,True
2024-11-11,SQ,2,6.0,4.1,7.0,"MOMENTUM_EXPANSION,RS_LEADER,VOLATILITY_EXPANSION",7.8,4.9,83.44,89.73,7.54,True
2024-11-11,TSLA,3,5.8,4.7,7.0,"MOMENTUM_EXPANSION,RS_LEADER,VOLATILITY_EXPANSION",9.5,2.1,350.31,342.07,-2.35,False
2024-11-12,SHOP,1,5.7,4.3,7.0,"MOMENTUM_EXPANSION,RS_LEADER,VOLATILITY_EXPANSION",8.6,3.4,108.31,106.47,-1.7,False
2024-11-12,MARA,2,5.3,3.5,7.0,"MOMENTUM_EXPANSION,RS_LEADER,VOLATILITY_EXPANSION",8.7,4.9,25.22,24.19,-4.08,False
2024-11-12,SQ,3,5.1,4.1,7.0,"MOMENTUM_EXPANSION,RS_LEADER,VOLATILITY_EXPANSION",8.0,2.2,87.18,92.7,6.33,True
2024-11-13,CRWD,1,6.2,4.3,7.0,"MOMENTUM_EXPANSION,RS_LEADER,VOLATILITY_EXPANSION",8.1,4.3,347.94,372.27,6.99,True
2024-11-13,SQ,2,5.8,4.1,7.0,"MOMENTUM_EXPANSION,RS_LEADER,VOLATILITY_EXPANSION",7.9,4.5,85.84,92.28,7.5,True
2024-11-13,SHOP,3,5.6,4.4,7.0,"MOMENTUM_EXPANSION,RS_LEADER,VOLATILITY_EXPANSION",9.3,2.5,115.14,106.94,-7.12,False
2024-11-14,TSLA,1,6.4,4.5,4.0,"RS_LEADER,VOLATILITY_EXPANSION",9.3,4.3,311.08,338.57,8.84,True
2024-11-14,NVDA,2,6.4,4.4,3.0,BREAKOUT_STRUCTURE,6.5,5.0,146.83,135.98,-7.39,False
2024-11-14,SBUX,3,6.5,5.7,2.0,RS_LEADER,6.0,4.8,99.25,101.81,2.58,True
2024-11-15,AMZN,1,7.8,6.5,2.0,VOLATILITY_EXPANSION,7.1,6.0,202.56,207.82,2.6,True
2024-11-15,GOOGL,2,7.8,6.9,0.0,,6.2,5.0,172.47,169.06,-1.98,False
2024-11-15,NVDA,3,6.4,4.9,2.0,VOLATILITY_EXPANSION,4.9,4.2,141.91,136.88,-3.54,False
2024-11-18,AFRM,1,5.3,3.7,7.0,"MOMENTUM_EXPANSION,RS_LEADER,VOLATILITY_EXPANSION",9.3,4.5,62.07,68.4,10.2,True
2024-11-18,HOOD,2,5.6,3.7,5.0,"MOMENTUM_EXPANSION,RS_LEADER",8.8,5.1,35.01,37.65,7.54,True
2024-11-18,AMZN,3,7.7,7.4,0.0,,7.0,3.6,201.7,205.79,2.03,True
2024-11-19,NET,1,6.1,4.1,7.0,"MOMENTUM_EXPANSION,RS_LEADER,VOLATILITY_EXPANSION",7.9,4.9,96.42,99.89,3.6,True
2024-11-19,AMZN,2,7.8,7.4,2.0,VOLATILITY_EXPANSION,7.0,3.8,204.59,207.95,1.64,True
2024-11-19,DDOG,3,6.1,4.2,4.0,"RS_LEADER,VOLATILITY_EXPANSION",7.5,4.8,133.39,152.75,14.51,True
2024-11-20,DASH,1,7.0,6.3,2.0,VOLATILITY_EXPANSION,7.4,4.5,172.34,176.41,2.36,True
2024-11-20,MARA,2,4.7,3.5,7.0,"MOMENTUM_EXPANSION,RS_LEADER,VOLATILITY_EXPANSION",8.0,4.4,22.62,25.63,13.31,True
2024-11-20,SOFI,3,5.4,4.0,5.0,"BREAKOUT_STRUCTURE,RS_LEADER",8.5,3.3,14.66,15.9,8.46,True
2024-11-21,MRVL,1,8.1,4.8,2.0,RS_LEADER,7.5,8.3,92.98,95.93,3.17,True
2024-11-21,DDOG,2,6.2,4.2,5.0,"MOMENTUM_EXPANSION,RS_LEADER",8.0,5.2,143.89,155.07,7.77,True
2024-11-21,TWLO,3,6.1,4.4,5.0,"BREAKOUT_STRUCTURE,RS_LEADER",9.0,4.0,102.05,107.3,5.14,True
2024-11-22,DDOG,1,5.4,4.3,7.0,"MOMENTUM_EXPANSION,RS_LEADER,VOLATILITY_EXPANSION",8.3,2.6,154.77,165.88,7.18,True
2024-11-22,TWLO,2,5.9,4.3,5.0,"BREAKOUT_STRUCTURE,RS_LEADER",8.8,3.5,104.37,109.95,5.35,True
2024-11-22,SBUX,3,6.0,4.2,4.0,"RS_LEADER,VOLATILITY_EXPANSION",6.1,5.0,102.5,100.69,-1.77,False
2024-11-25,EBAY,1,5.7,3.4,7.0,"BREAKOUT_STRUCTURE,RS_LEADER,VOLATILITY_EXPANSION",4.8,7.1,65.0,63.62,-2.12,False
2024-11-25,CRWD,2,5.6,4.5,7.0,"MOMENTUM_EXPANSION,RS_LEADER,VOLATILITY_EXPANSION",8.0,2.4,363.71,364.92,0.33,True
2024-11-25,PYPL,3,5.7,4.4,5.0,"BREAKOUT_STRUCTURE,RS_LEADER",6.4,3.3,87.78,89.06,1.46,True
2024-11-26,MRVL,1,7.0,4.7,4.0,"RS_LEADER,VOLATILITY_EXPANSION",6.8,5.9,93.14,113.39,21.74,True
2024-11-26,AAPL,2,6.5,4.2,3.0,BREAKOUT_STRUCTURE,4.8,6.3,234.98,242.69,3.28,True
2024-11-26,DASH,3,6.5,4.5,3.0,BREAKOUT_STRUCTURE,7.2,4.9,178.98,178.46,-0.29,False
2024-11-27,DASH,1,7.0,4.7,5.0,"BREAKOUT_STRUCTURE,RS_LEADER",7.5,5.7,178.46,175.67,-1.56,False
2024-11-27,MSFT,2,7.0,6.4,3.0,BREAKOUT_STRUCTURE,4.6,4.8,422.64,446.0,5.53,True
2024-11-27,SBUX,3,6.4,5.5,3.0,BREAKOUT_STRUCTURE,5.7,5.1,101.49,99.3,-2.16,False
2024-11-29,AAPL,1,6.4,4.3,5.0,"BREAKOUT_STRUCTURE,RS_LEADER",5.4,5.8,237.39,247.81,4.39,True
2024-11-29,DASH,2,6.3,4.2,5.0,"BREAKOUT_STRUCTURE,RS_LEADER",7.3,5.3,180.47,173.89,-3.65,False
2024-11-29,MSFT,3,6.4,4.9,3.0,BREAKOUT_STRUCTURE,4.8,4.1,423.63,443.17,4.61,True
2024-12-02,MRVL,1,6.2,4.1,5.0,"MOMENTUM_EXPANSION,RS_LEADER",7.2,5.7,96.86,111.27,14.88,True
2024-12-02,AAPL,2,5.7,4.3,5.0,"BREAKOUT_STRUCTURE,RS_LEADER",6.0,3.9,239.63,246.46,2.85,True
2024-12-02,TSLA,3,6.5,4.8,3.0,BREAKOUT_STRUCTURE,8.2,3.9,356.91,424.67,18.99,True
2024-12-03,MRVL,1,6.4,4.3,7.0,"MOMENTUM_EXPANSION,RS_LEADER,VOLATILITY_EXPANSION",7.2,5.6,95.93,108.99,13.61,True
2024-12-03,TSLA,2,7.6,5.1,2.0,RS_LEADER,8.9,6.1,351.39,418.18,19.01,True
2024-12-03,DKNG,3,7.1,4.6,3.0,BREAKOUT_STRUCTURE,7.5,6.1,43.95,41.47,-5.64,False
2024-12-04,DKNG,1,7.8,4.6,5.0,"BREAKOUT_STRUCTURE,RS_LEADER",7.0,8.4,44.77,39.86,-10.97,False
2024-12-04,TSLA,2,7.6,5.1,5.0,"BREAKOUT_STRUCTURE,RS_LEADER",8.7,6.1,357.73,436.24,21.95,True
2024-12-04,SQ,3,6.6,4.3,7.0,"BREAKOUT_STRUCTURE,RS_LEADER,VOLATILITY_EXPANSION",8.6,5.7,98.94,92.03,-6.98,False
2024-12-05,TSLA,1,7.8,4.9,5.0,"BREAKOUT_STRUCTURE,RS_LEADER",9.1,7.4,369.4,463.11,25.37,True
2024-12-05,BILL,2,6.7,4.3,7.0,"BREAKOUT_STRUCTURE,RS_LEADER,VOLATILITY_EXPANSION",8.8,5.9,95.48,87.93,-7.91,False
2024-12-05,RBLX,3,5.9,3.9,7.0,"MOMENTUM_EXPANSION,RS_LEADER,VOLATILITY_EXPANSION",7.2,5.2,58.96,61.45,4.22,True
2024-12-06,GTLB,1,5.7,3.9,7.0,"MOMENTUM_EXPANSION,RS_LEADER,VOLATILITY_EXPANSION",7.0,5.1,67.23,59.13,-12.05,False
2024-12-06,TSLA,2,6.3,4.9,5.0,"BREAKOUT_STRUCTURE,RS_LEADER",9.0,2.9,389.27,479.86,23.27,True
2024-12-06,COIN,3,6.3,4.4,5.0,"BREAKOUT_STRUCTURE,RS_LEADER",9.1,5.0,343.84,311.49,-9.41,False
2024-12-09,TSLA,1,7.2,4.9,4.0,"RS_LEADER,VOLATILITY_EXPANSION",9.0,5.5,389.99,440.49,12.95,True
2024-12-09,AAPL,2,5.7,4.4,7.0,"BREAKOUT_STRUCTURE,RS_LEADER,VOLATILITY_EXPANSION",7.6,3.0,246.89,247.95,0.43,True
2024-12-09,MDB,3,6.5,4.5,5.0,"MOMENTUM_EXPANSION,RS_LEADER",8.9,4.7,350.98,252.57,-28.04,False
2024-12-10,MSFT,1,7.2,5.0,5.0,"BREAKOUT_STRUCTURE,RS_LEADER",8.1,5.3,443.17,437.1,-1.37,False
2024-12-10,GOOGL,2,6.3,4.3,7.0,"MOMENTUM_EXPANSION,RS_LEADER,VOLATILITY_EXPANSION",6.6,5.4,185.17,188.44,1.77,True
2024-12-10,TSLA,3,7.0,4.9,4.0,"RS_LEADER,VOLATILITY_EXPANSION",9.2,4.8,401.0,436.16,8.77,True
2024-12-11,GOOGL,1,7.2,4.6,7.0,"MOMENTUM_EXPANSION,RS_LEADER,VOLATILITY_EXPANSION",7.8,6.9,195.46,191.5,-2.03,False
2024-12-11,ABNB,2,7.4,6.5,3.0,BREAKOUT_STRUCTURE,6.1,5.3,138.88,134.14,-3.41,False
2024-12-11,AMZN,3,6.2,4.9,5.0,"BREAKOUT_STRUCTURE,RS_LEADER",8.5,2.6,230.16,225.16,-2.17,False
2024-12-12,NET,1,6.7,4.3,5.0,"BREAKOUT_STRUCTURE,RS_LEADER",9.0,6.2,114.93,111.59,-2.91,False
2024-12-12,ABNB,2,8.3,6.6,0.0,,5.9,7.6,137.48,132.47,-3.64,False
2024-12-12,AVGO,3,6.1,4.2,5.0,"MOMENTUM_EXPANSION,RS_LEADER",6.8,5.1,180.96,228.16,26.08,True
2024-12-13,MRVL,1,6.4,4.3,7.0,"MOMENTUM_EXPANSION,RS_LEADER,VOLATILITY_EXPANSION",9.2,5.2,120.84,115.99,-4.01,False
2024-12-13,AVGO,2,6.1,4.4,7.0,"MOMENTUM_EXPANSION,RS_LEADER,VOLATILITY_EXPANSION",8.1,4.5,224.83,239.65,6.59,True
2024-12-13,UPST,3,5.1,3.4,7.0,"MOMENTUM_EXPANSION,RS_LEADER,VOLATILITY_EXPANSION",8.6,4.7,84.43,68.51,-18.86,False
2024-12-16,AVGO,1,5.6,4.4,7.0,"MOMENTUM_EXPANSION,RS_LEADER,VOLATILITY_EXPANSION",8.4,2.6,249.99,245.29,-1.88,False
2024-12-16,MU,2,5.4,3.9,7.0,"MOMENTUM_EXPANSION,RS_LEADER,VOLATILITY_EXPANSION",5.8,4.1,108.24,89.82,-17.02,False
2024-12-16,AMZN,3,6.1,4.8,5.0,"BREAKOUT_STRUCTURE,RS_LEADER",8.1,2.7,232.95,227.14,-2.49,False
2024-12-17,SHOP,1,7.8,4.9,5.0,"BREAKOUT_STRUCTURE,RS_LEADER",7.7,7.5,119.44,108.2,-9.41,False
2024-12-17,MRVL,2,6.2,4.5,7.0,"MOMENTUM_EXPANSION,RS_LEADER,VOLATILITY_EXPANSION",8.5,4.3,112.24,113.69,1.29,True
2024-12-17,TSLA,3,6.2,5.0,7.0,"MOMENTUM_EXPANSION,RS_LEADER,VOLATILITY_EXPANSION",9.4,2.5,479.86,431.7,-10.04,False
2024-12-18,AAPL,1,8.1,7.2,4.0,"RS_LEADER,VOLATILITY_EXPANSION",8.1,5.0,247.95,252.15,1.69,True
2024-12-18,AMZN,2,8.8,7.7,2.0,VOLATILITY_EXPANSION,7.4,5.9,220.49,221.25,0.34,True
2024-12-18,AVGO,3,6.1,4.6,7.0,"MOMENTUM_EXPANSION,RS_LEADER,VOLATILITY_EXPANSION",9.7,3.4,223.12,235.47,5.54,True
2024-12-19,AAPL,1,7.7,5.7,4.0,"RS_LEADER,VOLATILITY_EXPANSION",8.4,4.8,249.73,250.54,0.32,True
2024-12-19,TSLA,2,6.6,4.7,4.0,"RS_LEADER,VOLATILITY_EXPANSION",9.6,4.4,436.16,403.74,-7.43,False
2024-12-19,AMZN,3,8.2,7.7,0.0,,8.2,3.9,223.29,219.47,-1.71,False
2024-12-20,AMZN,1,8.3,7.8,2.0,VOLATILITY_EXPANSION,8.3,4.1,225.16,,,
2024-12-20,AAPL,2,7.4,5.3,4.0,"RS_LEADER,VOLATILITY_EXPANSION",9.0,4.6,254.6,,,
2024-12-20,GOOGL,3,6.8,4.9,4.0,"RS_LEADER,VOLATILITY_EXPANSION",9.1,4.2,191.5,,,
2024-12-23,AAPL,1,8.0,5.8,2.0,RS_LEADER,8.9,5.0,254.26,,,
2024-12-23,AMZN,2,8.2,7.7,0.0,,8.0,4.0,224.77,,,
2024-12-23,EBAY,3,6.8,5.1,2.0,RS_LEADER,7.1,4.2,64.02,,,
2024-12-24,AAPL,1,7.6,5.3,2.0,RS_LEADER,9.1,5.2,258.18,,,
2024-12-24,AMZN,2,8.0,7.2,0.0,,8.3,4.6,228.95,,,
2024-12-24,RBLX,3,7.2,5.1,0.0,,8.2,4.9,59.61,,,
2024-12-26,AMZN,1,7.9,6.9,0.0,,7.5,5.4,227.14,,,
2024-12-26,GOOGL,2,7.7,5.5,0.0,,8.8,5.3,195.59,,,
2024-12-26,AVGO,3,6.8,4.5,2.0,RS_LEADER,9.6,5.7,245.29,,,
2024-12-27,AAPL,1,7.7,6.8,2.0,VOLATILITY_EXPANSION,8.1,4.6,255.63,,,
2024-12-27,GOOGL,2,8.1,7.2,0.0,,8.6,5.0,192.76,,,
2024-12-27,AVGO,3,7.0,4.7,2.0,RS_LEADER,9.6,5.6,241.7,,,
2024-12-30,RBLX,1,8.2,5.4,0.0,,7.1,6.6,58.46,,,
2024-12-30,GOOGL,2,8.0,7.1,0.0,,8.5,4.6,191.27,,,
2024-12-30,AAPL,3,7.9,7.3,0.0,,7.6,4.2,252.15,,,
2024-12-31,GOOGL,1,7.8,7.7,0.0,,8.1,2.9,189.36,,,
2024-12-31,AVGO,2,6.7,4.8,2.0,RS_LEADER,9.6,4.6,232.05,,,
2024-12-31,AAPL,3,7.3,7.5,0.0,,7.6,2.1,250.54,,,
